screenshot_file;input_data;classification;user_classification;gaze_data;objects_bboxes;voice_file;voice_start_timestamp
output\20260915_121156\0.50205548.png;"[ 0.54216265  0.72238348  1.4288852   2.1365158   2.281149    1.9362737
  1.46889     1.0088451   0.38028224 -0.29677967 -0.51392868 -0.25564469
 -0.10720254 -0.28782655 -0.41800901 -0.31916313 -0.2603787  -0.35035721
 -0.50548599 -0.71088709 -0.82391982 -0.89970154 -1.1539497  -1.2298306
 -1.044091   -1.2020312  -1.3921949  -1.1301083  -1.1798666  -1.6492718
 -1.7265754  -1.6083704  -1.6628022  -1.6506724  -1.6973094  -1.8386968
 -1.8025962  -1.7805361  -1.8251665  -1.6447633  -1.4238097  -1.3921949
 -1.3604156  -1.2001781  -0.91863234 -0.68591581 -0.66794346 -0.51272154
 -0.10169069  0.06395426  0.08261431  0.23760718  0.17479318  0.12320539
  0.5033942   0.6838702   0.47499476  0.53279711  0.72354995  0.6644198
  0.64793559  0.75705403  0.7320716   0.62021499  0.60629677  0.67795016
  0.68908363  0.59880728  0.54264656  0.58180737  0.63063068  0.6644198
  0.6863178   0.65738251  0.65088944  0.72173837  0.73970645  0.69148052
  0.69522947  0.7501145   0.85384485  0.91601888  0.82774969  0.88090557
  1.0888307   0.93104294  0.61029836  0.63889427  0.68467857  0.58323764
  0.64052167  0.70858515  0.70501088  0.71381545  0.43376464]";abnormal;normal;[{'event_type': 'MonocularEyeSampleEventNT', 'event_id': 469, 'logged_time': 12.925024400032022, 'system_time': 12.932719600037672, 'gaze_x_left': -197.0, 'gaze_y_left': -80.0, 'gaze_x_right': None, 'gaze_y_right': None, 'pupil_left': 5, 'pupil_right': 0, 'avg_gaze_x': -197.0, 'avg_gaze_y': -80.0, 'avg_pupil_size': 2.5}, {'event_type': 'MonocularEyeSampleEventNT', 'event_id': 473, 'logged_time': 12.945024400032022, 'system_time': 12.946948099997826, 'gaze_x_left': -197.0, 'gaze_y_left': -80.0, 'gaze_x_right': None, 'gaze_y_right': None, 'pupil_left': 5, 'pupil_right': 0, 'avg_gaze_x': -197.0, 'avg_gaze_y': -80.0, 'avg_pupil_size': 2.5}, {'event_type': 'MonocularEyeSampleEventNT', 'event_id': 475, 'logged_time': 12.965024400032021, 'system_time': 12.977044500003103, 'gaze_x_left': -197.0, 'gaze_y_left': -80.0, 'gaze_x_right': None, 'gaze_y_right': None, 'pupil_left': 5, 'pupil_right': 0, 'avg_gaze_x': -197.0, 'avg_gaze_y': -80.0, 'avg_pupil_size': 2.5}, {'event_type': 'MonocularEyeSampleEventNT', 'event_id': 476, 'logged_time': 12.985024400032021, 'system_time': 12.99443700001575, 'gaze_x_left': -196.0, 'gaze_y_left': -80.0, 'gaze_x_right': None, 'gaze_y_right': None, 'pupil_left': 5, 'pupil_right': 0, 'avg_gaze_x': -196.0, 'avg_gaze_y': -80.0, 'avg_pupil_size': 2.5}, {'event_type': 'MonocularEyeSampleEventNT', 'event_id': 478, 'logged_time': 13.00502440003202, 'system_time': 13.011394900036976, 'gaze_x_left': -194.0, 'gaze_y_left': -80.0, 'gaze_x_right': None, 'gaze_y_right': None, 'pupil_left': 5, 'pupil_right': 0, 'avg_gaze_x': -194.0, 'avg_gaze_y': -80.0, 'avg_pupil_size': 2.5}, {'event_type': 'MonocularEyeSampleEventNT', 'event_id': 480, 'logged_time': 13.02502440003202, 'system_time': 13.026608999993186, 'gaze_x_left': -194.0, 'gaze_y_left': -80.0, 'gaze_x_right': None, 'gaze_y_right': None, 'pupil_left': 5, 'pupil_right': 0, 'avg_gaze_x': -194.0, 'avg_gaze_y': -80.0, 'avg_pupil_size': 2.5}, {'event_type': 'MonocularEyeSampleEventNT', 'event_id': 484, 'logged_time': 13.04502440003202, 'system_time': 13.059837400040124, 'gaze_x_left': -192.0, 'gaze_y_left': -80.0, 'gaze_x_right': None, 'gaze_y_right': None, 'pupil_left': 5, 'pupil_right': 0, 'avg_gaze_x': -192.0, 'avg_gaze_y': -80.0, 'avg_pupil_size': 2.5}, {'event_type': 'MonocularEyeSampleEventNT', 'event_id': 485, 'logged_time': 13.06502440003202, 'system_time': 13.073699600005057, 'gaze_x_left': -191.0, 'gaze_y_left': -80.0, 'gaze_x_right': None, 'gaze_y_right': None, 'pupil_left': 5, 'pupil_right': 0, 'avg_gaze_x': -191.0, 'avg_gaze_y': -80.0, 'avg_pupil_size': 2.5}, {'event_type': 'MonocularEyeSampleEventNT', 'event_id': 487, 'logged_time': 13.085024400032019, 'system_time': 13.089134500012733, 'gaze_x_left': -190.0, 'gaze_y_left': -82.0, 'gaze_x_right': None, 'gaze_y_right': None, 'pupil_left': 5, 'pupil_right': 0, 'avg_gaze_x': -190.0, 'avg_gaze_y': -82.0, 'avg_pupil_size': 2.5}, {'event_type': 'MonocularEyeSampleEventNT', 'event_id': 491, 'logged_time': 13.105024400032018, 'system_time': 13.121079100004863, 'gaze_x_left': -189.0, 'gaze_y_left': -84.0, 'gaze_x_right': None, 'gaze_y_right': None, 'pupil_left': 5, 'pupil_right': 0, 'avg_gaze_x': -189.0, 'avg_gaze_y': -84.0, 'avg_pupil_size': 2.5}, {'event_type': 'MonocularEyeSampleEventNT', 'event_id': 492, 'logged_time': 13.125024400032018, 'system_time': 13.137087600014638, 'gaze_x_left': -188.0, 'gaze_y_left': -85.0, 'gaze_x_right': None, 'gaze_y_right': None, 'pupil_left': 5, 'pupil_right': 0, 'avg_gaze_x': -188.0, 'avg_gaze_y': -85.0, 'avg_pupil_size': 2.5}, {'event_type': 'MonocularEyeSampleEventNT', 'event_id': 494, 'logged_time': 13.145024400032018, 'system_time': 13.153756200044882, 'gaze_x_left': -187.0, 'gaze_y_left': -86.0, 'gaze_x_right': None, 'gaze_y_right': None, 'pupil_left': 5, 'pupil_right': 0, 'avg_gaze_x': -187.0, 'avg_gaze_y': -86.0, 'avg_pupil_size': 2.5}, {'event_type': 'MonocularEyeSampleEventNT', 'event_id': 496, 'logged_time': 13.165024400032017, 'system_time': 13.170195400016382, 'gaze_x_left': -187.0, 'gaze_y_left': -87.0, 'gaze_x_right': None, 'gaze_y_right': None, 'pupil_left': 5, 'pupil_right': 0, 'avg_gaze_x': -187.0, 'avg_gaze_y': -87.0, 'avg_pupil_size': 2.5}, {'event_type': 'MonocularEyeSampleEventNT', 'event_id': 498, 'logged_time': 13.185024400032017, 'system_time': 13.18687229999341, 'gaze_x_left': -187.0, 'gaze_y_left': -89.0, 'gaze_x_right': None, 'gaze_y_right': None, 'pupil_left': 5, 'pupil_right': 0, 'avg_gaze_x': -187.0, 'avg_gaze_y': -89.0, 'avg_pupil_size': 2.5}, {'event_type': 'MonocularEyeSampleEventNT', 'event_id': 504, 'logged_time': 13.205024400032016, 'system_time': 13.218492400017567, 'gaze_x_left': -185.0, 'gaze_y_left': -92.0, 'gaze_x_right': None, 'gaze_y_right': None, 'pupil_left': 5, 'pupil_right': 0, 'avg_gaze_x': -185.0, 'avg_gaze_y': -92.0, 'avg_pupil_size': 2.5}, {'event_type': 'MonocularEyeSampleEventNT', 'event_id': 505, 'logged_time': 13.225024400032016, 'system_time': 13.234426900045946, 'gaze_x_left': -185.0, 'gaze_y_left': -92.0, 'gaze_x_right': None, 'gaze_y_right': None, 'pupil_left': 5, 'pupil_right': 0, 'avg_gaze_x': -185.0, 'avg_gaze_y': -92.0, 'avg_pupil_size': 2.5}, {'event_type': 'MonocularEyeSampleEventNT', 'event_id': 506, 'logged_time': 13.245024400032015, 'system_time': 13.250428500003181, 'gaze_x_left': -183.0, 'gaze_y_left': -93.0, 'gaze_x_right': None, 'gaze_y_right': None, 'pupil_left': 5, 'pupil_right': 0, 'avg_gaze_x': -183.0, 'avg_gaze_y': -93.0, 'avg_pupil_size': 2.5}, {'event_type': 'MonocularEyeSampleEventNT', 'event_id': 510, 'logged_time': 13.265024400032015, 'system_time': 13.282111800042912, 'gaze_x_left': -172.0, 'gaze_y_left': -105.0, 'gaze_x_right': None, 'gaze_y_right': None, 'pupil_left': 5, 'pupil_right': 0, 'avg_gaze_x': -172.0, 'avg_gaze_y': -105.0, 'avg_pupil_size': 2.5}, {'event_type': 'MonocularEyeSampleEventNT', 'event_id': 511, 'logged_time': 13.285024400032015, 'system_time': 13.297688200022094, 'gaze_x_left': -154.0, 'gaze_y_left': -114.0, 'gaze_x_right': None, 'gaze_y_right': None, 'pupil_left': 5, 'pupil_right': 0, 'avg_gaze_x': -154.0, 'avg_gaze_y': -114.0, 'avg_pupil_size': 2.5}, {'event_type': 'MonocularEyeSampleEventNT', 'event_id': 513, 'logged_time': 13.305024400032014, 'system_time': 13.31384740001522, 'gaze_x_left': -141.0, 'gaze_y_left': -119.0, 'gaze_x_right': None, 'gaze_y_right': None, 'pupil_left': 5, 'pupil_right': 0, 'avg_gaze_x': -141.0, 'avg_gaze_y': -119.0, 'avg_pupil_size': 2.5}, {'event_type': 'MonocularEyeSampleEventNT', 'event_id': 515, 'logged_time': 13.325024400032014, 'system_time': 13.329960600007325, 'gaze_x_left': -135.0, 'gaze_y_left': -121.0, 'gaze_x_right': None, 'gaze_y_right': None, 'pupil_left': 5, 'pupil_right': 0, 'avg_gaze_x': -135.0, 'avg_gaze_y': -121.0, 'avg_pupil_size': 2.5}, {'event_type': 'MonocularEyeSampleEventNT', 'event_id': 518, 'logged_time': 13.345024400032013, 'system_time': 13.361188500013668, 'gaze_x_left': -135.0, 'gaze_y_left': -121.0, 'gaze_x_right': None, 'gaze_y_right': None, 'pupil_left': 5, 'pupil_right': 0, 'avg_gaze_x': -135.0, 'avg_gaze_y': -121.0, 'avg_pupil_size': 2.5}, {'event_type': 'MonocularEyeSampleEventNT', 'event_id': 519, 'logged_time': 13.365024400032013, 'system_time': 13.377520900045056, 'gaze_x_left': -135.0, 'gaze_y_left': -121.0, 'gaze_x_right': None, 'gaze_y_right': None, 'pupil_left': 5, 'pupil_right': 0, 'avg_gaze_x': -135.0, 'avg_gaze_y': -121.0, 'avg_pupil_size': 2.5}, {'event_type': 'MonocularEyeSampleEventNT', 'event_id': 521, 'logged_time': 13.385024400032012, 'system_time': 13.39359340001829, 'gaze_x_left': -136.0, 'gaze_y_left': -122.0, 'gaze_x_right': None, 'gaze_y_right': None, 'pupil_left': 5, 'pupil_right': 0, 'avg_gaze_x': -136.0, 'avg_gaze_y': -122.0, 'avg_pupil_size': 2.5}, {'event_type': 'MonocularEyeSampleEventNT', 'event_id': 523, 'logged_time': 13.405024400032012, 'system_time': 13.409665400045924, 'gaze_x_left': -138.0, 'gaze_y_left': -122.0, 'gaze_x_right': None, 'gaze_y_right': None, 'pupil_left': 5, 'pupil_right': 0, 'avg_gaze_x': -138.0, 'avg_gaze_y': -122.0, 'avg_pupil_size': 2.5}, {'event_type': 'MonocularEyeSampleEventNT', 'event_id': 527, 'logged_time': 13.425024400032012, 'system_time': 13.442312600032892, 'gaze_x_left': -142.0, 'gaze_y_left': -123.0, 'gaze_x_right': None, 'gaze_y_right': None, 'pupil_left': 5, 'pupil_right': 0, 'avg_gaze_x': -142.0, 'avg_gaze_y': -123.0, 'avg_pupil_size': 2.5}, {'event_type': 'MonocularEyeSampleEventNT', 'event_id': 530, 'logged_time': 13.445024400032011, 'system_time': 13.457382199994754, 'gaze_x_left': -144.0, 'gaze_y_left': -125.0, 'gaze_x_right': None, 'gaze_y_right': None, 'pupil_left': 5, 'pupil_right': 0, 'avg_gaze_x': -144.0, 'avg_gaze_y': -125.0, 'avg_pupil_size': 2.5}, {'event_type': 'MonocularEyeSampleEventNT', 'event_id': 532, 'logged_time': 13.46502440003201, 'system_time': 13.47332670004107, 'gaze_x_left': -145.0, 'gaze_y_left': -125.0, 'gaze_x_right': None, 'gaze_y_right': None, 'pupil_left': 5, 'pupil_right': 0, 'avg_gaze_x': -145.0, 'avg_gaze_y': -125.0, 'avg_pupil_size': 2.5}, {'event_type': 'MonocularEyeSampleEventNT', 'event_id': 533, 'logged_time': 13.48502440003201, 'system_time': 13.489733800000977, 'gaze_x_left': -146.0, 'gaze_y_left': -125.0, 'gaze_x_right': None, 'gaze_y_right': None, 'pupil_left': 5, 'pupil_right': 0, 'avg_gaze_x': -146.0, 'avg_gaze_y': -125.0, 'avg_pupil_size': 2.5}, {'event_type': 'MonocularEyeSampleEventNT', 'event_id': 537, 'logged_time': 13.50502440003201, 'system_time': 13.521429900021758, 'gaze_x_left': -148.0, 'gaze_y_left': -126.0, 'gaze_x_right': None, 'gaze_y_right': None, 'pupil_left': 5, 'pupil_right': 0, 'avg_gaze_x': -148.0, 'avg_gaze_y': -126.0, 'avg_pupil_size': 2.5}, {'event_type': 'MonocularEyeSampleEventNT', 'event_id': 538, 'logged_time': 13.52502440003201, 'system_time': 13.537417899991851, 'gaze_x_left': -149.0, 'gaze_y_left': -127.0, 'gaze_x_right': None, 'gaze_y_right': None, 'pupil_left': 5, 'pupil_right': 0, 'avg_gaze_x': -149.0, 'avg_gaze_y': -127.0, 'avg_pupil_size': 2.5}, {'event_type': 'MonocularEyeSampleEventNT', 'event_id': 540, 'logged_time': 13.545024400032009, 'system_time': 13.55294230004074, 'gaze_x_left': -152.0, 'gaze_y_left': -128.0, 'gaze_x_right': None, 'gaze_y_right': None, 'pupil_left': 5, 'pupil_right': 0, 'avg_gaze_x': -152.0, 'avg_gaze_y': -128.0, 'avg_pupil_size': 2.5}, {'event_type': 'MonocularEyeSampleEventNT', 'event_id': 542, 'logged_time': 13.565024400032009, 'system_time': 13.567601800023112, 'gaze_x_left': -154.0, 'gaze_y_left': -129.0, 'gaze_x_right': None, 'gaze_y_right': None, 'pupil_left': 5, 'pupil_right': 0, 'avg_gaze_x': -154.0, 'avg_gaze_y': -129.0, 'avg_pupil_size': 2.5}, {'event_type': 'MonocularEyeSampleEventNT', 'event_id': 546, 'logged_time': 13.585024400032008, 'system_time': 13.60199300001841, 'gaze_x_left': -158.0, 'gaze_y_left': -131.0, 'gaze_x_right': None, 'gaze_y_right': None, 'pupil_left': 5, 'pupil_right': 0, 'avg_gaze_x': -158.0, 'avg_gaze_y': -131.0, 'avg_pupil_size': 2.5}, {'event_type': 'MonocularEyeSampleEventNT', 'event_id': 547, 'logged_time': 13.605024400032008, 'system_time': 13.617296600015834, 'gaze_x_left': -160.0, 'gaze_y_left': -132.0, 'gaze_x_right': None, 'gaze_y_right': None, 'pupil_left': 5, 'pupil_right': 0, 'avg_gaze_x': -160.0, 'avg_gaze_y': -132.0, 'avg_pupil_size': 2.5}, {'event_type': 'MonocularEyeSampleEventNT', 'event_id': 550, 'logged_time': 13.625024400032007, 'system_time': 13.633138500037603, 'gaze_x_left': -160.0, 'gaze_y_left': -132.0, 'gaze_x_right': None, 'gaze_y_right': None, 'pupil_left': 5, 'pupil_right': 0, 'avg_gaze_x': -160.0, 'avg_gaze_y': -132.0, 'avg_pupil_size': 2.5}, {'event_type': 'MonocularEyeSampleEventNT', 'event_id': 552, 'logged_time': 13.645024400032007, 'system_time': 13.649842500046361, 'gaze_x_left': -160.0, 'gaze_y_left': -133.0, 'gaze_x_right': None, 'gaze_y_right': None, 'pupil_left': 5, 'pupil_right': 0, 'avg_gaze_x': -160.0, 'avg_gaze_y': -133.0, 'avg_pupil_size': 2.5}, {'event_type': 'MonocularEyeSampleEventNT', 'event_id': 556, 'logged_time': 13.665024400032006, 'system_time': 13.68194300000323, 'gaze_x_left': -163.0, 'gaze_y_left': -134.0, 'gaze_x_right': None, 'gaze_y_right': None, 'pupil_left': 5, 'pupil_right': 0, 'avg_gaze_x': -163.0, 'avg_gaze_y': -134.0, 'avg_pupil_size': 2.5}, {'event_type': 'MonocularEyeSampleEventNT', 'event_id': 558, 'logged_time': 13.685024400032006, 'system_time': 13.697714800015092, 'gaze_x_left': -164.0, 'gaze_y_left': -135.0, 'gaze_x_right': None, 'gaze_y_right': None, 'pupil_left': 5, 'pupil_right': 0, 'avg_gaze_x': -164.0, 'avg_gaze_y': -135.0, 'avg_pupil_size': 2.5}, {'event_type': 'MonocularEyeSampleEventNT', 'event_id': 559, 'logged_time': 13.705024400032006, 'system_time': 13.714552299992647, 'gaze_x_left': -165.0, 'gaze_y_left': -136.0, 'gaze_x_right': None, 'gaze_y_right': None, 'pupil_left': 5, 'pupil_right': 0, 'avg_gaze_x': -165.0, 'avg_gaze_y': -136.0, 'avg_pupil_size': 2.5}, {'event_type': 'MonocularEyeSampleEventNT', 'event_id': 561, 'logged_time': 13.725024400032005, 'system_time': 13.730423900007736, 'gaze_x_left': -166.0, 'gaze_y_left': -136.0, 'gaze_x_right': None, 'gaze_y_right': None, 'pupil_left': 5, 'pupil_right': 0, 'avg_gaze_x': -166.0, 'avg_gaze_y': -136.0, 'avg_pupil_size': 2.5}, {'event_type': 'MonocularEyeSampleEventNT', 'event_id': 565, 'logged_time': 13.745024400032005, 'system_time': 13.761719700007234, 'gaze_x_left': -167.0, 'gaze_y_left': -137.0, 'gaze_x_right': None, 'gaze_y_right': None, 'pupil_left': 5, 'pupil_right': 0, 'avg_gaze_x': -167.0, 'avg_gaze_y': -137.0, 'avg_pupil_size': 2.5}, {'event_type': 'MonocularEyeSampleEventNT', 'event_id': 566, 'logged_time': 13.765024400032004, 'system_time': 13.777903200010769, 'gaze_x_left': -169.0, 'gaze_y_left': -139.0, 'gaze_x_right': None, 'gaze_y_right': None, 'pupil_left': 5, 'pupil_right': 0, 'avg_gaze_x': -169.0, 'avg_gaze_y': -139.0, 'avg_pupil_size': 2.5}, {'event_type': 'MonocularEyeSampleEventNT', 'event_id': 568, 'logged_time': 13.785024400032004, 'system_time': 13.792866400035564, 'gaze_x_left': -171.0, 'gaze_y_left': -140.0, 'gaze_x_right': None, 'gaze_y_right': None, 'pupil_left': 5, 'pupil_right': 0, 'avg_gaze_x': -171.0, 'avg_gaze_y': -140.0, 'avg_pupil_size': 2.5}, {'event_type': 'MonocularEyeSampleEventNT', 'event_id': 570, 'logged_time': 13.805024400032003, 'system_time': 13.80950999999186, 'gaze_x_left': -173.0, 'gaze_y_left': -141.0, 'gaze_x_right': None, 'gaze_y_right': None, 'pupil_left': 5, 'pupil_right': 0, 'avg_gaze_x': -173.0, 'avg_gaze_y': -141.0, 'avg_pupil_size': 2.5}, {'event_type': 'MonocularEyeSampleEventNT', 'event_id': 573, 'logged_time': 13.825024400032003, 'system_time': 13.841138600022532, 'gaze_x_left': -173.0, 'gaze_y_left': -142.0, 'gaze_x_right': None, 'gaze_y_right': None, 'pupil_left': 5, 'pupil_right': 0, 'avg_gaze_x': -173.0, 'avg_gaze_y': -142.0, 'avg_pupil_size': 2.5}, {'event_type': 'MonocularEyeSampleEventNT', 'event_id': 574, 'logged_time': 13.845024400032003, 'system_time': 13.858000900014304, 'gaze_x_left': -173.0, 'gaze_y_left': -142.0, 'gaze_x_right': None, 'gaze_y_right': None, 'pupil_left': 5, 'pupil_right': 0, 'avg_gaze_x': -173.0, 'avg_gaze_y': -142.0, 'avg_pupil_size': 2.5}, {'event_type': 'MonocularEyeSampleEventNT', 'event_id': 576, 'logged_time': 13.865024400032002, 'system_time': 13.873822699999437, 'gaze_x_left': -174.0, 'gaze_y_left': -143.0, 'gaze_x_right': None, 'gaze_y_right': None, 'pupil_left': 5, 'pupil_right': 0, 'avg_gaze_x': -174.0, 'avg_gaze_y': -143.0, 'avg_pupil_size': 2.5}, {'event_type': 'MonocularEyeSampleEventNT', 'event_id': 578, 'logged_time': 13.885024400032002, 'system_time': 13.889189700013958, 'gaze_x_left': -175.0, 'gaze_y_left': -145.0, 'gaze_x_right': None, 'gaze_y_right': None, 'pupil_left': 5, 'pupil_right': 0, 'avg_gaze_x': -175.0, 'avg_gaze_y': -145.0, 'avg_pupil_size': 2.5}, {'event_type': 'MonocularEyeSampleEventNT', 'event_id': 582, 'logged_time': 13.905024400032001, 'system_time': 13.921301099995617, 'gaze_x_left': -175.0, 'gaze_y_left': -151.0, 'gaze_x_right': None, 'gaze_y_right': None, 'pupil_left': 5, 'pupil_right': 0, 'avg_gaze_x': -175.0, 'avg_gaze_y': -151.0, 'avg_pupil_size': 2.5}, {'event_type': 'MonocularEyeSampleEventNT', 'event_id': 583, 'logged_time': 13.925024400032001, 'system_time': 13.937462500005495, 'gaze_x_left': -175.0, 'gaze_y_left': -154.0, 'gaze_x_right': None, 'gaze_y_right': None, 'pupil_left': 5, 'pupil_right': 0, 'avg_gaze_x': -175.0, 'avg_gaze_y': -154.0, 'avg_pupil_size': 2.5}, {'event_type': 'MonocularEyeSampleEventNT', 'event_id': 585, 'logged_time': 13.945024400032, 'system_time': 13.952739500033204, 'gaze_x_left': -174.0, 'gaze_y_left': -154.0, 'gaze_x_right': None, 'gaze_y_right': None, 'pupil_left': 5, 'pupil_right': 0, 'avg_gaze_x': -174.0, 'avg_gaze_y': -154.0, 'avg_pupil_size': 2.5}, {'event_type': 'MonocularEyeSampleEventNT', 'event_id': 587, 'logged_time': 13.965024400032, 'system_time': 13.968670700036455, 'gaze_x_left': -174.0, 'gaze_y_left': -154.0, 'gaze_x_right': None, 'gaze_y_right': None, 'pupil_left': 5, 'pupil_right': 0, 'avg_gaze_x': -174.0, 'avg_gaze_y': -154.0, 'avg_pupil_size': 2.5}, {'event_type': 'MonocularEyeSampleEventNT', 'event_id': 591, 'logged_time': 13.985024400032, 'system_time': 13.998459000024013, 'gaze_x_left': -173.0, 'gaze_y_left': -155.0, 'gaze_x_right': None, 'gaze_y_right': None, 'pupil_left': 5, 'pupil_right': 0, 'avg_gaze_x': -173.0, 'avg_gaze_y': -155.0, 'avg_pupil_size': 2.5}, {'event_type': 'MonocularEyeSampleEventNT', 'event_id': 592, 'logged_time': 14.005024400032, 'system_time': 14.01525210001273, 'gaze_x_left': -173.0, 'gaze_y_left': -157.0, 'gaze_x_right': None, 'gaze_y_right': None, 'pupil_left': 5, 'pupil_right': 0, 'avg_gaze_x': -173.0, 'avg_gaze_y': -157.0, 'avg_pupil_size': 2.5}, {'event_type': 'MonocularEyeSampleEventNT', 'event_id': 594, 'logged_time': 14.025024400031999, 'system_time': 14.032174099993426, 'gaze_x_left': -172.0, 'gaze_y_left': -159.0, 'gaze_x_right': None, 'gaze_y_right': None, 'pupil_left': 5, 'pupil_right': 0, 'avg_gaze_x': -172.0, 'avg_gaze_y': -159.0, 'avg_pupil_size': 2.5}, {'event_type': 'MonocularEyeSampleEventNT', 'event_id': 596, 'logged_time': 14.045024400031998, 'system_time': 14.049867400026415, 'gaze_x_left': -172.0, 'gaze_y_left': -160.0, 'gaze_x_right': None, 'gaze_y_right': None, 'pupil_left': 5, 'pupil_right': 0, 'avg_gaze_x': -172.0, 'avg_gaze_y': -160.0, 'avg_pupil_size': 2.5}, {'event_type': 'MonocularEyeSampleEventNT', 'event_id': 600, 'logged_time': 14.065024400031998, 'system_time': 14.0779082000372, 'gaze_x_left': -170.0, 'gaze_y_left': -160.0, 'gaze_x_right': None, 'gaze_y_right': None, 'pupil_left': 5, 'pupil_right': 0, 'avg_gaze_x': -170.0, 'avg_gaze_y': -160.0, 'avg_pupil_size': 2.5}, {'event_type': 'MonocularEyeSampleEventNT', 'event_id': 601, 'logged_time': 14.085024400031998, 'system_time': 14.09376479999628, 'gaze_x_left': -170.0, 'gaze_y_left': -160.0, 'gaze_x_right': None, 'gaze_y_right': None, 'pupil_left': 5, 'pupil_right': 0, 'avg_gaze_x': -170.0, 'avg_gaze_y': -160.0, 'avg_pupil_size': 2.5}, {'event_type': 'MonocularEyeSampleEventNT', 'event_id': 603, 'logged_time': 14.105024400031997, 'system_time': 14.10985280002933, 'gaze_x_left': -169.0, 'gaze_y_left': -160.0, 'gaze_x_right': None, 'gaze_y_right': None, 'pupil_left': 5, 'pupil_right': 0, 'avg_gaze_x': -169.0, 'avg_gaze_y': -160.0, 'avg_pupil_size': 2.5}, {'event_type': 'MonocularEyeSampleEventNT', 'event_id': 605, 'logged_time': 14.125024400031997, 'system_time': 14.125822600035463, 'gaze_x_left': -169.0, 'gaze_y_left': -161.0, 'gaze_x_right': None, 'gaze_y_right': None, 'pupil_left': 5, 'pupil_right': 0, 'avg_gaze_x': -169.0, 'avg_gaze_y': -161.0, 'avg_pupil_size': 2.5}, {'event_type': 'MonocularEyeSampleEventNT', 'event_id': 609, 'logged_time': 14.145024400031996, 'system_time': 14.158463600033429, 'gaze_x_left': -167.0, 'gaze_y_left': -165.0, 'gaze_x_right': None, 'gaze_y_right': None, 'pupil_left': 5, 'pupil_right': 0, 'avg_gaze_x': -167.0, 'avg_gaze_y': -165.0, 'avg_pupil_size': 2.5}, {'event_type': 'MonocularEyeSampleEventNT', 'event_id': 610, 'logged_time': 14.165024400031996, 'system_time': 14.17507850000402, 'gaze_x_left': -166.0, 'gaze_y_left': -168.0, 'gaze_x_right': None, 'gaze_y_right': None, 'pupil_left': 5, 'pupil_right': 0, 'avg_gaze_x': -166.0, 'avg_gaze_y': -168.0, 'avg_pupil_size': 2.5}, {'event_type': 'MonocularEyeSampleEventNT', 'event_id': 612, 'logged_time': 14.185024400031995, 'system_time': 14.191243700042833, 'gaze_x_left': -163.0, 'gaze_y_left': -170.0, 'gaze_x_right': None, 'gaze_y_right': None, 'pupil_left': 5, 'pupil_right': 0, 'avg_gaze_x': -163.0, 'avg_gaze_y': -170.0, 'avg_pupil_size': 2.5}, {'event_type': 'MonocularEyeSampleEventNT', 'event_id': 617, 'logged_time': 14.205024400031995, 'system_time': 14.222095600038301, 'gaze_x_left': -161.0, 'gaze_y_left': -174.0, 'gaze_x_right': None, 'gaze_y_right': None, 'pupil_left': 5, 'pupil_right': 0, 'avg_gaze_x': -161.0, 'avg_gaze_y': -174.0, 'avg_pupil_size': 2.5}, {'event_type': 'MonocularEyeSampleEventNT', 'event_id': 619, 'logged_time': 14.225024400031995, 'system_time': 14.238003800041042, 'gaze_x_left': -159.0, 'gaze_y_left': -176.0, 'gaze_x_right': None, 'gaze_y_right': None, 'pupil_left': 5, 'pupil_right': 0, 'avg_gaze_x': -159.0, 'avg_gaze_y': -176.0, 'avg_pupil_size': 2.5}, {'event_type': 'MonocularEyeSampleEventNT', 'event_id': 620, 'logged_time': 14.245024400031994, 'system_time': 14.254880100023001, 'gaze_x_left': -159.0, 'gaze_y_left': -178.0, 'gaze_x_right': None, 'gaze_y_right': None, 'pupil_left': 5, 'pupil_right': 0, 'avg_gaze_x': -159.0, 'avg_gaze_y': -178.0, 'avg_pupil_size': 2.5}, {'event_type': 'MonocularEyeSampleEventNT', 'event_id': 622, 'logged_time': 14.265024400031994, 'system_time': 14.271179600036703, 'gaze_x_left': -158.0, 'gaze_y_left': -179.0, 'gaze_x_right': None, 'gaze_y_right': None, 'pupil_left': 5, 'pupil_right': 0, 'avg_gaze_x': -158.0, 'avg_gaze_y': -179.0, 'avg_pupil_size': 2.5}, {'event_type': 'MonocularEyeSampleEventNT', 'event_id': 624, 'logged_time': 14.285024400031993, 'system_time': 14.286912100040354, 'gaze_x_left': -158.0, 'gaze_y_left': -180.0, 'gaze_x_right': None, 'gaze_y_right': None, 'pupil_left': 5, 'pupil_right': 0, 'avg_gaze_x': -158.0, 'avg_gaze_y': -180.0, 'avg_pupil_size': 2.5}, {'event_type': 'MonocularEyeSampleEventNT', 'event_id': 626, 'logged_time': 14.305024400031993, 'system_time': 14.318773700040765, 'gaze_x_left': -158.0, 'gaze_y_left': -180.0, 'gaze_x_right': None, 'gaze_y_right': None, 'pupil_left': 5, 'pupil_right': 0, 'avg_gaze_x': -158.0, 'avg_gaze_y': -180.0, 'avg_pupil_size': 2.5}, {'event_type': 'MonocularEyeSampleEventNT', 'event_id': 627, 'logged_time': 14.325024400031992, 'system_time': 14.33456320001278, 'gaze_x_left': -158.0, 'gaze_y_left': -181.0, 'gaze_x_right': None, 'gaze_y_right': None, 'pupil_left': 5, 'pupil_right': 0, 'avg_gaze_x': -158.0, 'avg_gaze_y': -181.0, 'avg_pupil_size': 2.5}, {'event_type': 'MonocularEyeSampleEventNT', 'event_id': 629, 'logged_time': 14.345024400031992, 'system_time': 14.351099800027441, 'gaze_x_left': -158.0, 'gaze_y_left': -182.0, 'gaze_x_right': None, 'gaze_y_right': None, 'pupil_left': 5, 'pupil_right': 0, 'avg_gaze_x': -158.0, 'avg_gaze_y': -182.0, 'avg_pupil_size': 2.5}, {'event_type': 'MonocularEyeSampleEventNT', 'event_id': 631, 'logged_time': 14.365024400031992, 'system_time': 14.367311600013636, 'gaze_x_left': -157.0, 'gaze_y_left': -183.0, 'gaze_x_right': None, 'gaze_y_right': None, 'pupil_left': 5, 'pupil_right': 0, 'avg_gaze_x': -157.0, 'avg_gaze_y': -183.0, 'avg_pupil_size': 2.5}, {'event_type': 'MonocularEyeSampleEventNT', 'event_id': 635, 'logged_time': 14.385024400031991, 'system_time': 14.39858900004765, 'gaze_x_left': -152.0, 'gaze_y_left': -194.0, 'gaze_x_right': None, 'gaze_y_right': None, 'pupil_left': 5, 'pupil_right': 0, 'avg_gaze_x': -152.0, 'avg_gaze_y': -194.0, 'avg_pupil_size': 2.5}, {'event_type': 'MonocularEyeSampleEventNT', 'event_id': 636, 'logged_time': 14.40502440003199, 'system_time': 14.414971599995624, 'gaze_x_left': -148.0, 'gaze_y_left': -199.0, 'gaze_x_right': None, 'gaze_y_right': None, 'pupil_left': 5, 'pupil_right': 0, 'avg_gaze_x': -148.0, 'avg_gaze_y': -199.0, 'avg_pupil_size': 2.5}, {'event_type': 'MonocularEyeSampleEventNT', 'event_id': 638, 'logged_time': 14.42502440003199, 'system_time': 14.431510900030844, 'gaze_x_left': -145.0, 'gaze_y_left': -202.0, 'gaze_x_right': None, 'gaze_y_right': None, 'pupil_left': 5, 'pupil_right': 0, 'avg_gaze_x': -145.0, 'avg_gaze_y': -202.0, 'avg_pupil_size': 2.5}, {'event_type': 'MonocularEyeSampleEventNT', 'event_id': 641, 'logged_time': 14.44502440003199, 'system_time': 14.447100499994121, 'gaze_x_left': -144.0, 'gaze_y_left': -205.0, 'gaze_x_right': None, 'gaze_y_right': None, 'pupil_left': 5, 'pupil_right': 0, 'avg_gaze_x': -144.0, 'avg_gaze_y': -205.0, 'avg_pupil_size': 2.5}, {'event_type': 'MonocularEyeSampleEventNT', 'event_id': 645, 'logged_time': 14.46502440003199, 'system_time': 14.47951259999536, 'gaze_x_left': -144.0, 'gaze_y_left': -207.0, 'gaze_x_right': None, 'gaze_y_right': None, 'pupil_left': 5, 'pupil_right': 0, 'avg_gaze_x': -144.0, 'avg_gaze_y': -207.0, 'avg_pupil_size': 2.5}, {'event_type': 'MonocularEyeSampleEventNT', 'event_id': 646, 'logged_time': 14.485024400031989, 'system_time': 14.495920500019565, 'gaze_x_left': -143.0, 'gaze_y_left': -211.0, 'gaze_x_right': None, 'gaze_y_right': None, 'pupil_left': 5, 'pupil_right': 0, 'avg_gaze_x': -143.0, 'avg_gaze_y': -211.0, 'avg_pupil_size': 2.5}, {'event_type': 'MonocularEyeSampleEventNT', 'event_id': 648, 'logged_time': 14.505024400031989, 'system_time': 14.51156529999571, 'gaze_x_left': -142.0, 'gaze_y_left': -217.0, 'gaze_x_right': None, 'gaze_y_right': None, 'pupil_left': 5, 'pupil_right': 0, 'avg_gaze_x': -142.0, 'avg_gaze_y': -217.0, 'avg_pupil_size': 2.5}, {'event_type': 'MonocularEyeSampleEventNT', 'event_id': 650, 'logged_time': 14.525024400031988, 'system_time': 14.52750270004617, 'gaze_x_left': -142.0, 'gaze_y_left': -219.0, 'gaze_x_right': None, 'gaze_y_right': None, 'pupil_left': 5, 'pupil_right': 0, 'avg_gaze_x': -142.0, 'avg_gaze_y': -219.0, 'avg_pupil_size': 2.5}, {'event_type': 'MonocularEyeSampleEventNT', 'event_id': 654, 'logged_time': 14.545024400031988, 'system_time': 14.559864000009838, 'gaze_x_left': -142.0, 'gaze_y_left': -220.0, 'gaze_x_right': None, 'gaze_y_right': None, 'pupil_left': 5, 'pupil_right': 0, 'avg_gaze_x': -142.0, 'avg_gaze_y': -220.0, 'avg_pupil_size': 2.5}, {'event_type': 'MonocularEyeSampleEventNT', 'event_id': 656, 'logged_time': 14.565024400031987, 'system_time': 14.575971900019795, 'gaze_x_left': -142.0, 'gaze_y_left': -221.0, 'gaze_x_right': None, 'gaze_y_right': None, 'pupil_left': 5, 'pupil_right': 0, 'avg_gaze_x': -142.0, 'avg_gaze_y': -221.0, 'avg_pupil_size': 2.5}, {'event_type': 'MonocularEyeSampleEventNT', 'event_id': 657, 'logged_time': 14.585024400031987, 'system_time': 14.591460300027393, 'gaze_x_left': -142.0, 'gaze_y_left': -221.0, 'gaze_x_right': None, 'gaze_y_right': None, 'pupil_left': 5, 'pupil_right': 0, 'avg_gaze_x': -142.0, 'avg_gaze_y': -221.0, 'avg_pupil_size': 2.5}, {'event_type': 'MonocularEyeSampleEventNT', 'event_id': 659, 'logged_time': 14.605024400031986, 'system_time': 14.608267000003252, 'gaze_x_left': -142.0, 'gaze_y_left': -223.0, 'gaze_x_right': None, 'gaze_y_right': None, 'pupil_left': 5, 'pupil_right': 0, 'avg_gaze_x': -142.0, 'avg_gaze_y': -223.0, 'avg_pupil_size': 2.5}, {'event_type': 'MonocularEyeSampleEventNT', 'event_id': 663, 'logged_time': 14.625024400031986, 'system_time': 14.639818800031208, 'gaze_x_left': -140.0, 'gaze_y_left': -226.0, 'gaze_x_right': None, 'gaze_y_right': None, 'pupil_left': 5, 'pupil_right': 0, 'avg_gaze_x': -140.0, 'avg_gaze_y': -226.0, 'avg_pupil_size': 2.5}, {'event_type': 'MonocularEyeSampleEventNT', 'event_id': 664, 'logged_time': 14.645024400031986, 'system_time': 14.656063500035089, 'gaze_x_left': -140.0, 'gaze_y_left': -226.0, 'gaze_x_right': None, 'gaze_y_right': None, 'pupil_left': 5, 'pupil_right': 0, 'avg_gaze_x': -140.0, 'avg_gaze_y': -226.0, 'avg_pupil_size': 2.5}, {'event_type': 'MonocularEyeSampleEventNT', 'event_id': 666, 'logged_time': 14.665024400031985, 'system_time': 14.672723800002132, 'gaze_x_left': -140.0, 'gaze_y_left': -227.0, 'gaze_x_right': None, 'gaze_y_right': None, 'pupil_left': 5, 'pupil_right': 0, 'avg_gaze_x': -140.0, 'avg_gaze_y': -227.0, 'avg_pupil_size': 2.5}, {'event_type': 'MonocularEyeSampleEventNT', 'event_id': 668, 'logged_time': 14.685024400031985, 'system_time': 14.688786500017159, 'gaze_x_left': -139.0, 'gaze_y_left': -228.0, 'gaze_x_right': None, 'gaze_y_right': None, 'pupil_left': 5, 'pupil_right': 0, 'avg_gaze_x': -139.0, 'avg_gaze_y': -228.0, 'avg_pupil_size': 2.5}, {'event_type': 'MonocularEyeSampleEventNT', 'event_id': 673, 'logged_time': 14.705024400031984, 'system_time': 14.718992100039031, 'gaze_x_left': -139.0, 'gaze_y_left': -230.0, 'gaze_x_right': None, 'gaze_y_right': None, 'pupil_left': 5, 'pupil_right': 0, 'avg_gaze_x': -139.0, 'avg_gaze_y': -230.0, 'avg_pupil_size': 2.5}, {'event_type': 'MonocularEyeSampleEventNT', 'event_id': 674, 'logged_time': 14.725024400031984, 'system_time': 14.734270100016147, 'gaze_x_left': -139.0, 'gaze_y_left': -230.0, 'gaze_x_right': None, 'gaze_y_right': None, 'pupil_left': 5, 'pupil_right': 0, 'avg_gaze_x': -139.0, 'avg_gaze_y': -230.0, 'avg_pupil_size': 2.5}, {'event_type': 'MonocularEyeSampleEventNT', 'event_id': 676, 'logged_time': 14.745024400031983, 'system_time': 14.749757700017653, 'gaze_x_left': -139.0, 'gaze_y_left': -231.0, 'gaze_x_right': None, 'gaze_y_right': None, 'pupil_left': 5, 'pupil_right': 0, 'avg_gaze_x': -139.0, 'avg_gaze_y': -231.0, 'avg_pupil_size': 2.5}, {'event_type': 'MonocularEyeSampleEventNT', 'event_id': 678, 'logged_time': 14.765024400031983, 'system_time': 14.765384100028314, 'gaze_x_left': -139.0, 'gaze_y_left': -231.0, 'gaze_x_right': None, 'gaze_y_right': None, 'pupil_left': 5, 'pupil_right': 0, 'avg_gaze_x': -139.0, 'avg_gaze_y': -231.0, 'avg_pupil_size': 2.5}, {'event_type': 'MonocularEyeSampleEventNT', 'event_id': 680, 'logged_time': 14.785024400031983, 'system_time': 14.79651760001434, 'gaze_x_left': -139.0, 'gaze_y_left': -231.0, 'gaze_x_right': None, 'gaze_y_right': None, 'pupil_left': 5, 'pupil_right': 0, 'avg_gaze_x': -139.0, 'avg_gaze_y': -231.0, 'avg_pupil_size': 2.5}, {'event_type': 'MonocularEyeSampleEventNT', 'event_id': 681, 'logged_time': 14.805024400031982, 'system_time': 14.812145900039468, 'gaze_x_left': -139.0, 'gaze_y_left': -231.0, 'gaze_x_right': None, 'gaze_y_right': None, 'pupil_left': 5, 'pupil_right': 0, 'avg_gaze_x': -139.0, 'avg_gaze_y': -231.0, 'avg_pupil_size': 2.5}, {'event_type': 'MonocularEyeSampleEventNT', 'event_id': 682, 'logged_time': 14.825024400031982, 'system_time': 14.828197000024375, 'gaze_x_left': -139.0, 'gaze_y_left': -231.0, 'gaze_x_right': None, 'gaze_y_right': None, 'pupil_left': 5, 'pupil_right': 0, 'avg_gaze_x': -139.0, 'avg_gaze_y': -231.0, 'avg_pupil_size': 2.5}, {'event_type': 'MonocularEyeSampleEventNT', 'event_id': 683, 'logged_time': 14.845024400031981, 'system_time': 14.860256300016772, 'gaze_x_left': -139.0, 'gaze_y_left': -231.0, 'gaze_x_right': None, 'gaze_y_right': None, 'pupil_left': 5, 'pupil_right': 0, 'avg_gaze_x': -139.0, 'avg_gaze_y': -231.0, 'avg_pupil_size': 2.5}, {'event_type': 'MonocularEyeSampleEventNT', 'event_id': 684, 'logged_time': 14.865024400031981, 'system_time': 14.877095300005749, 'gaze_x_left': -139.0, 'gaze_y_left': -231.0, 'gaze_x_right': None, 'gaze_y_right': None, 'pupil_left': 5, 'pupil_right': 0, 'avg_gaze_x': -139.0, 'avg_gaze_y': -231.0, 'avg_pupil_size': 2.5}, {'event_type': 'MonocularEyeSampleEventNT', 'event_id': 685, 'logged_time': 14.88502440003198, 'system_time': 14.892549400043208, 'gaze_x_left': -139.0, 'gaze_y_left': -231.0, 'gaze_x_right': None, 'gaze_y_right': None, 'pupil_left': 5, 'pupil_right': 0, 'avg_gaze_x': -139.0, 'avg_gaze_y': -231.0, 'avg_pupil_size': 2.5}, {'event_type': 'MonocularEyeSampleEventNT', 'event_id': 686, 'logged_time': 14.90502440003198, 'system_time': 14.909975800022949, 'gaze_x_left': -139.0, 'gaze_y_left': -231.0, 'gaze_x_right': None, 'gaze_y_right': None, 'pupil_left': 5, 'pupil_right': 0, 'avg_gaze_x': -139.0, 'avg_gaze_y': -231.0, 'avg_pupil_size': 2.5}, {'event_type': 'MonocularEyeSampleEventNT', 'event_id': 687, 'logged_time': 14.92502440003198, 'system_time': 14.941667400009464, 'gaze_x_left': -139.0, 'gaze_y_left': -231.0, 'gaze_x_right': None, 'gaze_y_right': None, 'pupil_left': 5, 'pupil_right': 0, 'avg_gaze_x': -139.0, 'avg_gaze_y': -231.0, 'avg_pupil_size': 2.5}, {'event_type': 'MonocularEyeSampleEventNT', 'event_id': 688, 'logged_time': 14.94502440003198, 'system_time': 14.957373700046446, 'gaze_x_left': -138.0, 'gaze_y_left': -231.0, 'gaze_x_right': None, 'gaze_y_right': None, 'pupil_left': 5, 'pupil_right': 0, 'avg_gaze_x': -138.0, 'avg_gaze_y': -231.0, 'avg_pupil_size': 2.5}, {'event_type': 'MonocularEyeSampleEventNT', 'event_id': 690, 'logged_time': 14.965024400031979, 'system_time': 14.973253300006036, 'gaze_x_left': -138.0, 'gaze_y_left': -231.0, 'gaze_x_right': None, 'gaze_y_right': None, 'pupil_left': 5, 'pupil_right': 0, 'avg_gaze_x': -138.0, 'avg_gaze_y': -231.0, 'avg_pupil_size': 2.5}, {'event_type': 'MonocularEyeSampleEventNT', 'event_id': 692, 'logged_time': 14.985024400031978, 'system_time': 14.98930020001717, 'gaze_x_left': -137.0, 'gaze_y_left': -231.0, 'gaze_x_right': None, 'gaze_y_right': None, 'pupil_left': 5, 'pupil_right': 0, 'avg_gaze_x': -137.0, 'avg_gaze_y': -231.0, 'avg_pupil_size': 2.5}, {'event_type': 'MonocularEyeSampleEventNT', 'event_id': 696, 'logged_time': 15.005024400031978, 'system_time': 15.018757600046229, 'gaze_x_left': -136.0, 'gaze_y_left': -231.0, 'gaze_x_right': None, 'gaze_y_right': None, 'pupil_left': 5, 'pupil_right': 0, 'avg_gaze_x': -136.0, 'avg_gaze_y': -231.0, 'avg_pupil_size': 2.5}, {'event_type': 'MonocularEyeSampleEventNT', 'event_id': 697, 'logged_time': 15.025024400031977, 'system_time': 15.036306200025138, 'gaze_x_left': -135.0, 'gaze_y_left': -232.0, 'gaze_x_right': None, 'gaze_y_right': None, 'pupil_left': 5, 'pupil_right': 0, 'avg_gaze_x': -135.0, 'avg_gaze_y': -232.0, 'avg_pupil_size': 2.5}, {'event_type': 'MonocularEyeSampleEventNT', 'event_id': 699, 'logged_time': 15.045024400031977, 'system_time': 15.052719000028446, 'gaze_x_left': -132.0, 'gaze_y_left': -235.0, 'gaze_x_right': None, 'gaze_y_right': None, 'pupil_left': 5, 'pupil_right': 0, 'avg_gaze_x': -132.0, 'avg_gaze_y': -235.0, 'avg_pupil_size': 2.5}, {'event_type': 'MonocularEyeSampleEventNT', 'event_id': 701, 'logged_time': 15.065024400031977, 'system_time': 15.066707500023767, 'gaze_x_left': -130.0, 'gaze_y_left': -237.0, 'gaze_x_right': None, 'gaze_y_right': None, 'pupil_left': 5, 'pupil_right': 0, 'avg_gaze_x': -130.0, 'avg_gaze_y': -237.0, 'avg_pupil_size': 2.5}, {'event_type': 'MonocularEyeSampleEventNT', 'event_id': 705, 'logged_time': 15.085024400031976, 'system_time': 15.097654900047928, 'gaze_x_left': -126.0, 'gaze_y_left': -241.0, 'gaze_x_right': None, 'gaze_y_right': None, 'pupil_left': 5, 'pupil_right': 0, 'avg_gaze_x': -126.0, 'avg_gaze_y': -241.0, 'avg_pupil_size': 2.5}, {'event_type': 'MonocularEyeSampleEventNT', 'event_id': 706, 'logged_time': 15.105024400031976, 'system_time': 15.113954100001138, 'gaze_x_left': -126.0, 'gaze_y_left': -242.0, 'gaze_x_right': None, 'gaze_y_right': None, 'pupil_left': 5, 'pupil_right': 0, 'avg_gaze_x': -126.0, 'avg_gaze_y': -242.0, 'avg_pupil_size': 2.5}, {'event_type': 'MonocularEyeSampleEventNT', 'event_id': 708, 'logged_time': 15.125024400031975, 'system_time': 15.129640600003768, 'gaze_x_left': -126.0, 'gaze_y_left': -242.0, 'gaze_x_right': None, 'gaze_y_right': None, 'pupil_left': 5, 'pupil_right': 0, 'avg_gaze_x': -126.0, 'avg_gaze_y': -242.0, 'avg_pupil_size': 2.5}, {'event_type': 'MonocularEyeSampleEventNT', 'event_id': 709, 'logged_time': 15.145024400031975, 'system_time': 15.14615300000878, 'gaze_x_left': -126.0, 'gaze_y_left': -242.0, 'gaze_x_right': None, 'gaze_y_right': None, 'pupil_left': 5, 'pupil_right': 0, 'avg_gaze_x': -126.0, 'avg_gaze_y': -242.0, 'avg_pupil_size': 2.5}, {'event_type': 'MonocularEyeSampleEventNT', 'event_id': 712, 'logged_time': 15.165024400031974, 'system_time': 15.179648499994073, 'gaze_x_left': -125.0, 'gaze_y_left': -244.0, 'gaze_x_right': None, 'gaze_y_right': None, 'pupil_left': 5, 'pupil_right': 0, 'avg_gaze_x': -125.0, 'avg_gaze_y': -244.0, 'avg_pupil_size': 2.5}, {'event_type': 'MonocularEyeSampleEventNT', 'event_id': 713, 'logged_time': 15.185024400031974, 'system_time': 15.195327800000086, 'gaze_x_left': -125.0, 'gaze_y_left': -244.0, 'gaze_x_right': None, 'gaze_y_right': None, 'pupil_left': 5, 'pupil_right': 0, 'avg_gaze_x': -125.0, 'avg_gaze_y': -244.0, 'avg_pupil_size': 2.5}, {'event_type': 'MonocularEyeSampleEventNT', 'event_id': 715, 'logged_time': 15.205024400031974, 'system_time': 15.211791100038681, 'gaze_x_left': -124.0, 'gaze_y_left': -246.0, 'gaze_x_right': None, 'gaze_y_right': None, 'pupil_left': 5, 'pupil_right': 0, 'avg_gaze_x': -124.0, 'avg_gaze_y': -246.0, 'avg_pupil_size': 2.5}, {'event_type': 'MonocularEyeSampleEventNT', 'event_id': 717, 'logged_time': 15.225024400031973, 'system_time': 15.227274300006684, 'gaze_x_left': -124.0, 'gaze_y_left': -246.0, 'gaze_x_right': None, 'gaze_y_right': None, 'pupil_left': 5, 'pupil_right': 0, 'avg_gaze_x': -124.0, 'avg_gaze_y': -246.0, 'avg_pupil_size': 2.5}, {'event_type': 'MonocularEyeSampleEventNT', 'event_id': 720, 'logged_time': 15.245024400031973, 'system_time': 15.259989600046538, 'gaze_x_left': -123.0, 'gaze_y_left': -248.0, 'gaze_x_right': None, 'gaze_y_right': None, 'pupil_left': 5, 'pupil_right': 0, 'avg_gaze_x': -123.0, 'avg_gaze_y': -248.0, 'avg_pupil_size': 2.5}, {'event_type': 'MonocularEyeSampleEventNT', 'event_id': 721, 'logged_time': 15.265024400031972, 'system_time': 15.275470299995504, 'gaze_x_left': -123.0, 'gaze_y_left': -249.0, 'gaze_x_right': None, 'gaze_y_right': None, 'pupil_left': 5, 'pupil_right': 0, 'avg_gaze_x': -123.0, 'avg_gaze_y': -249.0, 'avg_pupil_size': 2.5}, {'event_type': 'MonocularEyeSampleEventNT', 'event_id': 723, 'logged_time': 15.285024400031972, 'system_time': 15.292105600005016, 'gaze_x_left': -123.0, 'gaze_y_left': -251.0, 'gaze_x_right': None, 'gaze_y_right': None, 'pupil_left': 5, 'pupil_right': 0, 'avg_gaze_x': -123.0, 'avg_gaze_y': -251.0, 'avg_pupil_size': 2.5}, {'event_type': 'MonocularEyeSampleEventNT', 'event_id': 725, 'logged_time': 15.305024400031972, 'system_time': 15.307667699991725, 'gaze_x_left': -123.0, 'gaze_y_left': -252.0, 'gaze_x_right': None, 'gaze_y_right': None, 'pupil_left': 5, 'pupil_right': 0, 'avg_gaze_x': -123.0, 'avg_gaze_y': -252.0, 'avg_pupil_size': 2.5}, {'event_type': 'MonocularEyeSampleEventNT', 'event_id': 727, 'logged_time': 15.325024400031971, 'system_time': 15.339893400028814, 'gaze_x_left': -123.0, 'gaze_y_left': -252.0, 'gaze_x_right': None, 'gaze_y_right': None, 'pupil_left': 5, 'pupil_right': 0, 'avg_gaze_x': -123.0, 'avg_gaze_y': -252.0, 'avg_pupil_size': 2.5}, {'event_type': 'MonocularEyeSampleEventNT', 'event_id': 728, 'logged_time': 15.34502440003197, 'system_time': 15.355668900010642, 'gaze_x_left': -123.0, 'gaze_y_left': -252.0, 'gaze_x_right': None, 'gaze_y_right': None, 'pupil_left': 5, 'pupil_right': 0, 'avg_gaze_x': -123.0, 'avg_gaze_y': -252.0, 'avg_pupil_size': 2.5}, {'event_type': 'MonocularEyeSampleEventNT', 'event_id': 729, 'logged_time': 15.36502440003197, 'system_time': 15.37155600002734, 'gaze_x_left': -123.0, 'gaze_y_left': -252.0, 'gaze_x_right': None, 'gaze_y_right': None, 'pupil_left': 5, 'pupil_right': 0, 'avg_gaze_x': -123.0, 'avg_gaze_y': -252.0, 'avg_pupil_size': 2.5}, {'event_type': 'MonocularEyeSampleEventNT', 'event_id': 731, 'logged_time': 15.38502440003197, 'system_time': 15.387877500033937, 'gaze_x_left': -122.0, 'gaze_y_left': -251.0, 'gaze_x_right': None, 'gaze_y_right': None, 'pupil_left': 5, 'pupil_right': 0, 'avg_gaze_x': -122.0, 'avg_gaze_y': -251.0, 'avg_pupil_size': 2.5}, {'event_type': 'MonocularEyeSampleEventNT', 'event_id': 735, 'logged_time': 15.40502440003197, 'system_time': 15.419796200003475, 'gaze_x_left': -114.0, 'gaze_y_left': -244.0, 'gaze_x_right': None, 'gaze_y_right': None, 'pupil_left': 5, 'pupil_right': 0, 'avg_gaze_x': -114.0, 'avg_gaze_y': -244.0, 'avg_pupil_size': 2.5}, {'event_type': 'MonocularEyeSampleEventNT', 'event_id': 736, 'logged_time': 15.425024400031969, 'system_time': 15.436387400026433, 'gaze_x_left': -111.0, 'gaze_y_left': -240.0, 'gaze_x_right': None, 'gaze_y_right': None, 'pupil_left': 5, 'pupil_right': 0, 'avg_gaze_x': -111.0, 'avg_gaze_y': -240.0, 'avg_pupil_size': 2.5}, {'event_type': 'MonocularEyeSampleEventNT', 'event_id': 738, 'logged_time': 15.445024400031969, 'system_time': 15.451720100012608, 'gaze_x_left': -107.0, 'gaze_y_left': -236.0, 'gaze_x_right': None, 'gaze_y_right': None, 'pupil_left': 5, 'pupil_right': 0, 'avg_gaze_x': -107.0, 'avg_gaze_y': -236.0, 'avg_pupil_size': 2.5}, {'event_type': 'MonocularEyeSampleEventNT', 'event_id': 740, 'logged_time': 15.465024400031968, 'system_time': 15.468322400003672, 'gaze_x_left': -105.0, 'gaze_y_left': -232.0, 'gaze_x_right': None, 'gaze_y_right': None, 'pupil_left': 5, 'pupil_right': 0, 'avg_gaze_x': -105.0, 'avg_gaze_y': -232.0, 'avg_pupil_size': 2.5}, {'event_type': 'MonocularEyeSampleEventNT', 'event_id': 744, 'logged_time': 15.485024400031968, 'system_time': 15.50047990004532, 'gaze_x_left': -105.0, 'gaze_y_left': -230.0, 'gaze_x_right': None, 'gaze_y_right': None, 'pupil_left': 5, 'pupil_right': 0, 'avg_gaze_x': -105.0, 'avg_gaze_y': -230.0, 'avg_pupil_size': 2.5}, {'event_type': 'MonocularEyeSampleEventNT', 'event_id': 746, 'logged_time': 15.505024400031967, 'system_time': 15.515791100042406, 'gaze_x_left': -105.0, 'gaze_y_left': -230.0, 'gaze_x_right': None, 'gaze_y_right': None, 'pupil_left': 5, 'pupil_right': 0, 'avg_gaze_x': -105.0, 'avg_gaze_y': -230.0, 'avg_pupil_size': 2.5}, {'event_type': 'MonocularEyeSampleEventNT', 'event_id': 747, 'logged_time': 15.525024400031967, 'system_time': 15.532321500009857, 'gaze_x_left': -106.0, 'gaze_y_left': -230.0, 'gaze_x_right': None, 'gaze_y_right': None, 'pupil_left': 5, 'pupil_right': 0, 'avg_gaze_x': -106.0, 'avg_gaze_y': -230.0, 'avg_pupil_size': 2.5}, {'event_type': 'MonocularEyeSampleEventNT', 'event_id': 749, 'logged_time': 15.545024400031966, 'system_time': 15.548067399999127, 'gaze_x_left': -106.0, 'gaze_y_left': -230.0, 'gaze_x_right': None, 'gaze_y_right': None, 'pupil_left': 5, 'pupil_right': 0, 'avg_gaze_x': -106.0, 'avg_gaze_y': -230.0, 'avg_pupil_size': 2.5}, {'event_type': 'MonocularEyeSampleEventNT', 'event_id': 752, 'logged_time': 15.565024400031966, 'system_time': 15.578823600022588, 'gaze_x_left': -107.0, 'gaze_y_left': -230.0, 'gaze_x_right': None, 'gaze_y_right': None, 'pupil_left': 5, 'pupil_right': 0, 'avg_gaze_x': -107.0, 'avg_gaze_y': -230.0, 'avg_pupil_size': 2.5}, {'event_type': 'MonocularEyeSampleEventNT', 'event_id': 753, 'logged_time': 15.585024400031966, 'system_time': 15.595024400041439, 'gaze_x_left': -107.0, 'gaze_y_left': -230.0, 'gaze_x_right': None, 'gaze_y_right': None, 'pupil_left': 5, 'pupil_right': 0, 'avg_gaze_x': -107.0, 'avg_gaze_y': -230.0, 'avg_pupil_size': 2.5}, {'event_type': 'MonocularEyeSampleEventNT', 'event_id': 754, 'logged_time': 15.605024400031965, 'system_time': 15.61215960001573, 'gaze_x_left': -107.0, 'gaze_y_left': -230.0, 'gaze_x_right': None, 'gaze_y_right': None, 'pupil_left': 5, 'pupil_right': 0, 'avg_gaze_x': -107.0, 'avg_gaze_y': -230.0, 'avg_pupil_size': 2.5}, {'event_type': 'MonocularEyeSampleEventNT', 'event_id': 755, 'logged_time': 15.625024400031965, 'system_time': 15.62788929999806, 'gaze_x_left': -107.0, 'gaze_y_left': -230.0, 'gaze_x_right': None, 'gaze_y_right': None, 'pupil_left': 5, 'pupil_right': 0, 'avg_gaze_x': -107.0, 'avg_gaze_y': -230.0, 'avg_pupil_size': 2.5}, {'event_type': 'MonocularEyeSampleEventNT', 'event_id': 759, 'logged_time': 15.645024400031964, 'system_time': 15.65901980001945, 'gaze_x_left': -107.0, 'gaze_y_left': -233.0, 'gaze_x_right': None, 'gaze_y_right': None, 'pupil_left': 5, 'pupil_right': 0, 'avg_gaze_x': -107.0, 'avg_gaze_y': -233.0, 'avg_pupil_size': 2.5}, {'event_type': 'MonocularEyeSampleEventNT', 'event_id': 760, 'logged_time': 15.665024400031964, 'system_time': 15.675889200007077, 'gaze_x_left': -108.0, 'gaze_y_left': -239.0, 'gaze_x_right': None, 'gaze_y_right': None, 'pupil_left': 5, 'pupil_right': 0, 'avg_gaze_x': -108.0, 'avg_gaze_y': -239.0, 'avg_pupil_size': 2.5}, {'event_type': 'MonocularEyeSampleEventNT', 'event_id': 762, 'logged_time': 15.685024400031963, 'system_time': 15.692377400002442, 'gaze_x_left': -108.0, 'gaze_y_left': -243.0, 'gaze_x_right': None, 'gaze_y_right': None, 'pupil_left': 5, 'pupil_right': 0, 'avg_gaze_x': -108.0, 'avg_gaze_y': -243.0, 'avg_pupil_size': 2.5}, {'event_type': 'MonocularEyeSampleEventNT', 'event_id': 764, 'logged_time': 15.705024400031963, 'system_time': 15.707756100047845, 'gaze_x_left': -105.0, 'gaze_y_left': -247.0, 'gaze_x_right': None, 'gaze_y_right': None, 'pupil_left': 5, 'pupil_right': 0, 'avg_gaze_x': -105.0, 'avg_gaze_y': -247.0, 'avg_pupil_size': 2.5}, {'event_type': 'MonocularEyeSampleEventNT', 'event_id': 768, 'logged_time': 15.725024400031963, 'system_time': 15.739109600021038, 'gaze_x_left': -103.0, 'gaze_y_left': -252.0, 'gaze_x_right': None, 'gaze_y_right': None, 'pupil_left': 5, 'pupil_right': 0, 'avg_gaze_x': -103.0, 'avg_gaze_y': -252.0, 'avg_pupil_size': 2.5}, {'event_type': 'MonocularEyeSampleEventNT', 'event_id': 769, 'logged_time': 15.745024400031962, 'system_time': 15.75449680001475, 'gaze_x_left': -103.0, 'gaze_y_left': -255.0, 'gaze_x_right': None, 'gaze_y_right': None, 'pupil_left': 5, 'pupil_right': 0, 'avg_gaze_x': -103.0, 'avg_gaze_y': -255.0, 'avg_pupil_size': 2.5}, {'event_type': 'MonocularEyeSampleEventNT', 'event_id': 771, 'logged_time': 15.765024400031962, 'system_time': 15.770654599997215, 'gaze_x_left': -103.0, 'gaze_y_left': -259.0, 'gaze_x_right': None, 'gaze_y_right': None, 'pupil_left': 5, 'pupil_right': 0, 'avg_gaze_x': -103.0, 'avg_gaze_y': -259.0, 'avg_pupil_size': 2.5}, {'event_type': 'MonocularEyeSampleEventNT', 'event_id': 773, 'logged_time': 15.785024400031961, 'system_time': 15.78585899999598, 'gaze_x_left': -103.0, 'gaze_y_left': -263.0, 'gaze_x_right': None, 'gaze_y_right': None, 'pupil_left': 5, 'pupil_right': 0, 'avg_gaze_x': -103.0, 'avg_gaze_y': -263.0, 'avg_pupil_size': 2.5}, {'event_type': 'MonocularEyeSampleEventNT', 'event_id': 777, 'logged_time': 15.80502440003196, 'system_time': 15.817786700034048, 'gaze_x_left': -100.0, 'gaze_y_left': -272.0, 'gaze_x_right': None, 'gaze_y_right': None, 'pupil_left': 5, 'pupil_right': 0, 'avg_gaze_x': -100.0, 'avg_gaze_y': -272.0, 'avg_pupil_size': 2.5}, {'event_type': 'MonocularEyeSampleEventNT', 'event_id': 779, 'logged_time': 15.82502440003196, 'system_time': 15.834528900042642, 'gaze_x_left': -100.0, 'gaze_y_left': -274.0, 'gaze_x_right': None, 'gaze_y_right': None, 'pupil_left': 5, 'pupil_right': 0, 'avg_gaze_x': -100.0, 'avg_gaze_y': -274.0, 'avg_pupil_size': 2.5}, {'event_type': 'MonocularEyeSampleEventNT', 'event_id': 780, 'logged_time': 15.84502440003196, 'system_time': 15.850428900041152, 'gaze_x_left': -99.0, 'gaze_y_left': -276.0, 'gaze_x_right': None, 'gaze_y_right': None, 'pupil_left': 5, 'pupil_right': 0, 'avg_gaze_x': -99.0, 'avg_gaze_y': -276.0, 'avg_pupil_size': 2.5}, {'event_type': 'MonocularEyeSampleEventNT', 'event_id': 782, 'logged_time': 15.86502440003196, 'system_time': 15.866752200003248, 'gaze_x_left': -99.0, 'gaze_y_left': -278.0, 'gaze_x_right': None, 'gaze_y_right': None, 'pupil_left': 5, 'pupil_right': 0, 'avg_gaze_x': -99.0, 'avg_gaze_y': -278.0, 'avg_pupil_size': 2.5}, {'event_type': 'MonocularEyeSampleEventNT', 'event_id': 786, 'logged_time': 15.88502440003196, 'system_time': 15.898031199991237, 'gaze_x_left': -96.0, 'gaze_y_left': -287.0, 'gaze_x_right': None, 'gaze_y_right': None, 'pupil_left': 5, 'pupil_right': 0, 'avg_gaze_x': -96.0, 'avg_gaze_y': -287.0, 'avg_pupil_size': 2.5}, {'event_type': 'MonocularEyeSampleEventNT', 'event_id': 787, 'logged_time': 15.905024400031959, 'system_time': 15.914683000009973, 'gaze_x_left': -95.0, 'gaze_y_left': -292.0, 'gaze_x_right': None, 'gaze_y_right': None, 'pupil_left': 5, 'pupil_right': 0, 'avg_gaze_x': -95.0, 'avg_gaze_y': -292.0, 'avg_pupil_size': 2.5}, {'event_type': 'MonocularEyeSampleEventNT', 'event_id': 789, 'logged_time': 15.925024400031958, 'system_time': 15.930972600006498, 'gaze_x_left': -95.0, 'gaze_y_left': -294.0, 'gaze_x_right': None, 'gaze_y_right': None, 'pupil_left': 5, 'pupil_right': 0, 'avg_gaze_x': -95.0, 'avg_gaze_y': -294.0, 'avg_pupil_size': 2.5}, {'event_type': 'MonocularEyeSampleEventNT', 'event_id': 791, 'logged_time': 15.945024400031958, 'system_time': 15.946052400046028, 'gaze_x_left': -95.0, 'gaze_y_left': -298.0, 'gaze_x_right': None, 'gaze_y_right': None, 'pupil_left': 5, 'pupil_right': 0, 'avg_gaze_x': -95.0, 'avg_gaze_y': -298.0, 'avg_pupil_size': 2.5}, {'event_type': 'MonocularEyeSampleEventNT', 'event_id': 795, 'logged_time': 15.965024400031957, 'system_time': 15.977877900004387, 'gaze_x_left': -94.0, 'gaze_y_left': -301.0, 'gaze_x_right': None, 'gaze_y_right': None, 'pupil_left': 5, 'pupil_right': 0, 'avg_gaze_x': -94.0, 'avg_gaze_y': -301.0, 'avg_pupil_size': 2.5}, {'event_type': 'MonocularEyeSampleEventNT', 'event_id': 796, 'logged_time': 15.985024400031957, 'system_time': 15.99353090004297, 'gaze_x_left': -93.0, 'gaze_y_left': -304.0, 'gaze_x_right': None, 'gaze_y_right': None, 'pupil_left': 5, 'pupil_right': 0, 'avg_gaze_x': -93.0, 'avg_gaze_y': -304.0, 'avg_pupil_size': 2.5}, {'event_type': 'MonocularEyeSampleEventNT', 'event_id': 798, 'logged_time': 16.005024400031957, 'system_time': 16.00968760001706, 'gaze_x_left': -92.0, 'gaze_y_left': -306.0, 'gaze_x_right': None, 'gaze_y_right': None, 'pupil_left': 5, 'pupil_right': 0, 'avg_gaze_x': -92.0, 'avg_gaze_y': -306.0, 'avg_pupil_size': 2.5}, {'event_type': 'MonocularEyeSampleEventNT', 'event_id': 800, 'logged_time': 16.025024400031956, 'system_time': 16.026321000012103, 'gaze_x_left': -92.0, 'gaze_y_left': -308.0, 'gaze_x_right': None, 'gaze_y_right': None, 'pupil_left': 5, 'pupil_right': 0, 'avg_gaze_x': -92.0, 'avg_gaze_y': -308.0, 'avg_pupil_size': 2.5}, {'event_type': 'MonocularEyeSampleEventNT', 'event_id': 804, 'logged_time': 16.045024400031956, 'system_time': 16.05837889999384, 'gaze_x_left': -91.0, 'gaze_y_left': -310.0, 'gaze_x_right': None, 'gaze_y_right': None, 'pupil_left': 5, 'pupil_right': 0, 'avg_gaze_x': -91.0, 'avg_gaze_y': -310.0, 'avg_pupil_size': 2.5}, {'event_type': 'MonocularEyeSampleEventNT', 'event_id': 805, 'logged_time': 16.065024400031955, 'system_time': 16.073369099991396, 'gaze_x_left': -91.0, 'gaze_y_left': -310.0, 'gaze_x_right': None, 'gaze_y_right': None, 'pupil_left': 5, 'pupil_right': 0, 'avg_gaze_x': -91.0, 'avg_gaze_y': -310.0, 'avg_pupil_size': 2.5}, {'event_type': 'MonocularEyeSampleEventNT', 'event_id': 807, 'logged_time': 16.085024400031955, 'system_time': 16.089396700030193, 'gaze_x_left': -91.0, 'gaze_y_left': -310.0, 'gaze_x_right': None, 'gaze_y_right': None, 'pupil_left': 5, 'pupil_right': 0, 'avg_gaze_x': -91.0, 'avg_gaze_y': -310.0, 'avg_pupil_size': 2.5}, {'event_type': 'MonocularEyeSampleEventNT', 'event_id': 808, 'logged_time': 16.105024400031954, 'system_time': 16.105429999995977, 'gaze_x_left': -91.0, 'gaze_y_left': -311.0, 'gaze_x_right': None, 'gaze_y_right': None, 'pupil_left': 5, 'pupil_right': 0, 'avg_gaze_x': -91.0, 'avg_gaze_y': -311.0, 'avg_pupil_size': 2.5}, {'event_type': 'MonocularEyeSampleEventNT', 'event_id': 811, 'logged_time': 16.125024400031954, 'system_time': 16.138010299997404, 'gaze_x_left': -91.0, 'gaze_y_left': -312.0, 'gaze_x_right': None, 'gaze_y_right': None, 'pupil_left': 5, 'pupil_right': 0, 'avg_gaze_x': -91.0, 'avg_gaze_y': -312.0, 'avg_pupil_size': 2.5}, {'event_type': 'MonocularEyeSampleEventNT', 'event_id': 812, 'logged_time': 16.145024400031954, 'system_time': 16.153676500020083, 'gaze_x_left': -91.0, 'gaze_y_left': -312.0, 'gaze_x_right': None, 'gaze_y_right': None, 'pupil_left': 5, 'pupil_right': 0, 'avg_gaze_x': -91.0, 'avg_gaze_y': -312.0, 'avg_pupil_size': 2.5}, {'event_type': 'MonocularEyeSampleEventNT', 'event_id': 813, 'logged_time': 16.165024400031953, 'system_time': 16.169953000033274, 'gaze_x_left': -91.0, 'gaze_y_left': -312.0, 'gaze_x_right': None, 'gaze_y_right': None, 'pupil_left': 5, 'pupil_right': 0, 'avg_gaze_x': -91.0, 'avg_gaze_y': -312.0, 'avg_pupil_size': 2.5}, {'event_type': 'MonocularEyeSampleEventNT', 'event_id': 816, 'logged_time': 16.185024400031953, 'system_time': 16.201581400004216, 'gaze_x_left': -90.0, 'gaze_y_left': -312.0, 'gaze_x_right': None, 'gaze_y_right': None, 'pupil_left': 5, 'pupil_right': 0, 'avg_gaze_x': -90.0, 'avg_gaze_y': -312.0, 'avg_pupil_size': 2.5}, {'event_type': 'MonocularEyeSampleEventNT', 'event_id': 817, 'logged_time': 16.205024400031952, 'system_time': 16.217651700018905, 'gaze_x_left': -89.0, 'gaze_y_left': -312.0, 'gaze_x_right': None, 'gaze_y_right': None, 'pupil_left': 5, 'pupil_right': 0, 'avg_gaze_x': -89.0, 'avg_gaze_y': -312.0, 'avg_pupil_size': 2.5}, {'event_type': 'MonocularEyeSampleEventNT', 'event_id': 819, 'logged_time': 16.225024400031952, 'system_time': 16.234297899995, 'gaze_x_left': -88.0, 'gaze_y_left': -311.0, 'gaze_x_right': None, 'gaze_y_right': None, 'pupil_left': 5, 'pupil_right': 0, 'avg_gaze_x': -88.0, 'avg_gaze_y': -311.0, 'avg_pupil_size': 2.5}, {'event_type': 'MonocularEyeSampleEventNT', 'event_id': 821, 'logged_time': 16.24502440003195, 'system_time': 16.25060080003459, 'gaze_x_left': -85.0, 'gaze_y_left': -309.0, 'gaze_x_right': None, 'gaze_y_right': None, 'pupil_left': 5, 'pupil_right': 0, 'avg_gaze_x': -85.0, 'avg_gaze_y': -309.0, 'avg_pupil_size': 2.5}, {'event_type': 'MonocularEyeSampleEventNT', 'event_id': 823, 'logged_time': 16.26502440003195, 'system_time': 16.266051900049206, 'gaze_x_left': -77.0, 'gaze_y_left': -300.0, 'gaze_x_right': None, 'gaze_y_right': None, 'pupil_left': 5, 'pupil_right': 0, 'avg_gaze_x': -77.0, 'avg_gaze_y': -300.0, 'avg_pupil_size': 2.5}, {'event_type': 'MonocularEyeSampleEventNT', 'event_id': 827, 'logged_time': 16.28502440003195, 'system_time': 16.29781630000798, 'gaze_x_left': -66.0, 'gaze_y_left': -292.0, 'gaze_x_right': None, 'gaze_y_right': None, 'pupil_left': 5, 'pupil_right': 0, 'avg_gaze_x': -66.0, 'avg_gaze_y': -292.0, 'avg_pupil_size': 2.5}, {'event_type': 'MonocularEyeSampleEventNT', 'event_id': 828, 'logged_time': 16.30502440003195, 'system_time': 16.31348940002499, 'gaze_x_left': -64.0, 'gaze_y_left': -291.0, 'gaze_x_right': None, 'gaze_y_right': None, 'pupil_left': 5, 'pupil_right': 0, 'avg_gaze_x': -64.0, 'avg_gaze_y': -291.0, 'avg_pupil_size': 2.5}, {'event_type': 'MonocularEyeSampleEventNT', 'event_id': 830, 'logged_time': 16.32502440003195, 'system_time': 16.33059399999911, 'gaze_x_left': -63.0, 'gaze_y_left': -290.0, 'gaze_x_right': None, 'gaze_y_right': None, 'pupil_left': 5, 'pupil_right': 0, 'avg_gaze_x': -63.0, 'avg_gaze_y': -290.0, 'avg_pupil_size': 2.5}, {'event_type': 'MonocularEyeSampleEventNT', 'event_id': 832, 'logged_time': 16.34502440003195, 'system_time': 16.36147100001108, 'gaze_x_left': -63.0, 'gaze_y_left': -290.0, 'gaze_x_right': None, 'gaze_y_right': None, 'pupil_left': 5, 'pupil_right': 0, 'avg_gaze_x': -63.0, 'avg_gaze_y': -290.0, 'avg_pupil_size': 2.5}, {'event_type': 'MonocularEyeSampleEventNT', 'event_id': 833, 'logged_time': 16.36502440003195, 'system_time': 16.377229700039607, 'gaze_x_left': -63.0, 'gaze_y_left': -290.0, 'gaze_x_right': None, 'gaze_y_right': None, 'pupil_left': 5, 'pupil_right': 0, 'avg_gaze_x': -63.0, 'avg_gaze_y': -290.0, 'avg_pupil_size': 2.5}, {'event_type': 'MonocularEyeSampleEventNT', 'event_id': 835, 'logged_time': 16.38502440003195, 'system_time': 16.393428100040182, 'gaze_x_left': -63.0, 'gaze_y_left': -291.0, 'gaze_x_right': None, 'gaze_y_right': None, 'pupil_left': 5, 'pupil_right': 0, 'avg_gaze_x': -63.0, 'avg_gaze_y': -291.0, 'avg_pupil_size': 2.5}, {'event_type': 'MonocularEyeSampleEventNT', 'event_id': 837, 'logged_time': 16.405024400031948, 'system_time': 16.409462100011297, 'gaze_x_left': -63.0, 'gaze_y_left': -292.0, 'gaze_x_right': None, 'gaze_y_right': None, 'pupil_left': 5, 'pupil_right': 0, 'avg_gaze_x': -63.0, 'avg_gaze_y': -292.0, 'avg_pupil_size': 2.5}, {'event_type': 'MonocularEyeSampleEventNT', 'event_id': 841, 'logged_time': 16.425024400031948, 'system_time': 16.440497100003995, 'gaze_x_left': -64.0, 'gaze_y_left': -298.0, 'gaze_x_right': None, 'gaze_y_right': None, 'pupil_left': 5, 'pupil_right': 0, 'avg_gaze_x': -64.0, 'avg_gaze_y': -298.0, 'avg_pupil_size': 2.5}, {'event_type': 'MonocularEyeSampleEventNT', 'event_id': 842, 'logged_time': 16.445024400031947, 'system_time': 16.456882200029213, 'gaze_x_left': -65.0, 'gaze_y_left': -301.0, 'gaze_x_right': None, 'gaze_y_right': None, 'pupil_left': 5, 'pupil_right': 0, 'avg_gaze_x': -65.0, 'avg_gaze_y': -301.0, 'avg_pupil_size': 2.5}, {'event_type': 'MonocularEyeSampleEventNT', 'event_id': 844, 'logged_time': 16.465024400031947, 'system_time': 16.472424200037494, 'gaze_x_left': -65.0, 'gaze_y_left': -305.0, 'gaze_x_right': None, 'gaze_y_right': None, 'pupil_left': 5, 'pupil_right': 0, 'avg_gaze_x': -65.0, 'avg_gaze_y': -305.0, 'avg_pupil_size': 2.5}, {'event_type': 'MonocularEyeSampleEventNT', 'event_id': 846, 'logged_time': 16.485024400031946, 'system_time': 16.48845699999947, 'gaze_x_left': -65.0, 'gaze_y_left': -307.0, 'gaze_x_right': None, 'gaze_y_right': None, 'pupil_left': 5, 'pupil_right': 0, 'avg_gaze_x': -65.0, 'avg_gaze_y': -307.0, 'avg_pupil_size': 2.5}, {'event_type': 'MonocularEyeSampleEventNT', 'event_id': 850, 'logged_time': 16.505024400031946, 'system_time': 16.52038200001698, 'gaze_x_left': -65.0, 'gaze_y_left': -308.0, 'gaze_x_right': None, 'gaze_y_right': None, 'pupil_left': 5, 'pupil_right': 0, 'avg_gaze_x': -65.0, 'avg_gaze_y': -308.0, 'avg_pupil_size': 2.5}, {'event_type': 'MonocularEyeSampleEventNT', 'event_id': 851, 'logged_time': 16.525024400031946, 'system_time': 16.536866100039333, 'gaze_x_left': -65.0, 'gaze_y_left': -309.0, 'gaze_x_right': None, 'gaze_y_right': None, 'pupil_left': 5, 'pupil_right': 0, 'avg_gaze_x': -65.0, 'avg_gaze_y': -309.0, 'avg_pupil_size': 2.5}, {'event_type': 'MonocularEyeSampleEventNT', 'event_id': 853, 'logged_time': 16.545024400031945, 'system_time': 16.55280240002321, 'gaze_x_left': -65.0, 'gaze_y_left': -309.0, 'gaze_x_right': None, 'gaze_y_right': None, 'pupil_left': 5, 'pupil_right': 0, 'avg_gaze_x': -65.0, 'avg_gaze_y': -309.0, 'avg_pupil_size': 2.5}, {'event_type': 'MonocularEyeSampleEventNT', 'event_id': 855, 'logged_time': 16.565024400031945, 'system_time': 16.568922400008887, 'gaze_x_left': -65.0, 'gaze_y_left': -311.0, 'gaze_x_right': None, 'gaze_y_right': None, 'pupil_left': 5, 'pupil_right': 0, 'avg_gaze_x': -65.0, 'avg_gaze_y': -311.0, 'avg_pupil_size': 2.5}, {'event_type': 'MonocularEyeSampleEventNT', 'event_id': 859, 'logged_time': 16.585024400031944, 'system_time': 16.600129900034517, 'gaze_x_left': -65.0, 'gaze_y_left': -314.0, 'gaze_x_right': None, 'gaze_y_right': None, 'pupil_left': 5, 'pupil_right': 0, 'avg_gaze_x': -65.0, 'avg_gaze_y': -314.0, 'avg_pupil_size': 2.5}, {'event_type': 'MonocularEyeSampleEventNT', 'event_id': 860, 'logged_time': 16.605024400031944, 'system_time': 16.616004800016526, 'gaze_x_left': -65.0, 'gaze_y_left': -315.0, 'gaze_x_right': None, 'gaze_y_right': None, 'pupil_left': 5, 'pupil_right': 0, 'avg_gaze_x': -65.0, 'avg_gaze_y': -315.0, 'avg_pupil_size': 2.5}, {'event_type': 'MonocularEyeSampleEventNT', 'event_id': 862, 'logged_time': 16.625024400031943, 'system_time': 16.63160030002473, 'gaze_x_left': -64.0, 'gaze_y_left': -315.0, 'gaze_x_right': None, 'gaze_y_right': None, 'pupil_left': 5, 'pupil_right': 0, 'avg_gaze_x': -64.0, 'avg_gaze_y': -315.0, 'avg_pupil_size': 2.5}, {'event_type': 'MonocularEyeSampleEventNT', 'event_id': 864, 'logged_time': 16.645024400031943, 'system_time': 16.64852540002903, 'gaze_x_left': -64.0, 'gaze_y_left': -316.0, 'gaze_x_right': None, 'gaze_y_right': None, 'pupil_left': 5, 'pupil_right': 0, 'avg_gaze_x': -64.0, 'avg_gaze_y': -316.0, 'avg_pupil_size': 2.5}, {'event_type': 'MonocularEyeSampleEventNT', 'event_id': 868, 'logged_time': 16.665024400031943, 'system_time': 16.681008300045505, 'gaze_x_left': -63.0, 'gaze_y_left': -317.0, 'gaze_x_right': None, 'gaze_y_right': None, 'pupil_left': 5, 'pupil_right': 0, 'avg_gaze_x': -63.0, 'avg_gaze_y': -317.0, 'avg_pupil_size': 2.5}, {'event_type': 'MonocularEyeSampleEventNT', 'event_id': 869, 'logged_time': 16.685024400031942, 'system_time': 16.697688200045377, 'gaze_x_left': -62.0, 'gaze_y_left': -318.0, 'gaze_x_right': None, 'gaze_y_right': None, 'pupil_left': 5, 'pupil_right': 0, 'avg_gaze_x': -62.0, 'avg_gaze_y': -318.0, 'avg_pupil_size': 2.5}, {'event_type': 'MonocularEyeSampleEventNT', 'event_id': 871, 'logged_time': 16.70502440003194, 'system_time': 16.71359650004888, 'gaze_x_left': -62.0, 'gaze_y_left': -319.0, 'gaze_x_right': None, 'gaze_y_right': None, 'pupil_left': 5, 'pupil_right': 0, 'avg_gaze_x': -62.0, 'avg_gaze_y': -319.0, 'avg_pupil_size': 2.5}, {'event_type': 'MonocularEyeSampleEventNT', 'event_id': 874, 'logged_time': 16.72502440003194, 'system_time': 16.72999050002545, 'gaze_x_left': -62.0, 'gaze_y_left': -320.0, 'gaze_x_right': None, 'gaze_y_right': None, 'pupil_left': 5, 'pupil_right': 0, 'avg_gaze_x': -62.0, 'avg_gaze_y': -320.0, 'avg_pupil_size': 2.5}, {'event_type': 'MonocularEyeSampleEventNT', 'event_id': 877, 'logged_time': 16.74502440003194, 'system_time': 16.76146950002294, 'gaze_x_left': -61.0, 'gaze_y_left': -321.0, 'gaze_x_right': None, 'gaze_y_right': None, 'pupil_left': 5, 'pupil_right': 0, 'avg_gaze_x': -61.0, 'avg_gaze_y': -321.0, 'avg_pupil_size': 2.5}, {'event_type': 'MonocularEyeSampleEventNT', 'event_id': 878, 'logged_time': 16.76502440003194, 'system_time': 16.777476700022817, 'gaze_x_left': -60.0, 'gaze_y_left': -321.0, 'gaze_x_right': None, 'gaze_y_right': None, 'pupil_left': 5, 'pupil_right': 0, 'avg_gaze_x': -60.0, 'avg_gaze_y': -321.0, 'avg_pupil_size': 2.5}, {'event_type': 'MonocularEyeSampleEventNT', 'event_id': 880, 'logged_time': 16.78502440003194, 'system_time': 16.794842100003734, 'gaze_x_left': -60.0, 'gaze_y_left': -322.0, 'gaze_x_right': None, 'gaze_y_right': None, 'pupil_left': 5, 'pupil_right': 0, 'avg_gaze_x': -60.0, 'avg_gaze_y': -322.0, 'avg_pupil_size': 2.5}, {'event_type': 'MonocularEyeSampleEventNT', 'event_id': 883, 'logged_time': 16.80502440003194, 'system_time': 16.808189200004563, 'gaze_x_left': -59.0, 'gaze_y_left': -323.0, 'gaze_x_right': None, 'gaze_y_right': None, 'pupil_left': 5, 'pupil_right': 0, 'avg_gaze_x': -59.0, 'avg_gaze_y': -323.0, 'avg_pupil_size': 2.5}, {'event_type': 'MonocularEyeSampleEventNT', 'event_id': 886, 'logged_time': 16.82502440003194, 'system_time': 16.84166020003613, 'gaze_x_left': -59.0, 'gaze_y_left': -324.0, 'gaze_x_right': None, 'gaze_y_right': None, 'pupil_left': 5, 'pupil_right': 0, 'avg_gaze_x': -59.0, 'avg_gaze_y': -324.0, 'avg_pupil_size': 2.5}, {'event_type': 'MonocularEyeSampleEventNT', 'event_id': 887, 'logged_time': 16.84502440003194, 'system_time': 16.857932600018103, 'gaze_x_left': -58.0, 'gaze_y_left': -325.0, 'gaze_x_right': None, 'gaze_y_right': None, 'pupil_left': 5, 'pupil_right': 0, 'avg_gaze_x': -58.0, 'avg_gaze_y': -325.0, 'avg_pupil_size': 2.5}, {'event_type': 'MonocularEyeSampleEventNT', 'event_id': 889, 'logged_time': 16.86502440003194, 'system_time': 16.87430680001853, 'gaze_x_left': -58.0, 'gaze_y_left': -325.0, 'gaze_x_right': None, 'gaze_y_right': None, 'pupil_left': 5, 'pupil_right': 0, 'avg_gaze_x': -58.0, 'avg_gaze_y': -325.0, 'avg_pupil_size': 2.5}, {'event_type': 'MonocularEyeSampleEventNT', 'event_id': 891, 'logged_time': 16.885024400031938, 'system_time': 16.888945600017905, 'gaze_x_left': -58.0, 'gaze_y_left': -325.0, 'gaze_x_right': None, 'gaze_y_right': None, 'pupil_left': 5, 'pupil_right': 0, 'avg_gaze_x': -58.0, 'avg_gaze_y': -325.0, 'avg_pupil_size': 2.5}, {'event_type': 'MonocularEyeSampleEventNT', 'event_id': 894, 'logged_time': 16.905024400031937, 'system_time': 16.92000820004614, 'gaze_x_left': -56.0, 'gaze_y_left': -326.0, 'gaze_x_right': None, 'gaze_y_right': None, 'pupil_left': 5, 'pupil_right': 0, 'avg_gaze_x': -56.0, 'avg_gaze_y': -326.0, 'avg_pupil_size': 2.5}, {'event_type': 'MonocularEyeSampleEventNT', 'event_id': 895, 'logged_time': 16.925024400031937, 'system_time': 16.936318400024902, 'gaze_x_left': -56.0, 'gaze_y_left': -326.0, 'gaze_x_right': None, 'gaze_y_right': None, 'pupil_left': 5, 'pupil_right': 0, 'avg_gaze_x': -56.0, 'avg_gaze_y': -326.0, 'avg_pupil_size': 2.5}, {'event_type': 'MonocularEyeSampleEventNT', 'event_id': 897, 'logged_time': 16.945024400031937, 'system_time': 16.952995800005738, 'gaze_x_left': -56.0, 'gaze_y_left': -326.0, 'gaze_x_right': None, 'gaze_y_right': None, 'pupil_left': 5, 'pupil_right': 0, 'avg_gaze_x': -56.0, 'avg_gaze_y': -326.0, 'avg_pupil_size': 2.5}, {'event_type': 'MonocularEyeSampleEventNT', 'event_id': 899, 'logged_time': 16.965024400031936, 'system_time': 16.968928000016604, 'gaze_x_left': -56.0, 'gaze_y_left': -326.0, 'gaze_x_right': None, 'gaze_y_right': None, 'pupil_left': 5, 'pupil_right': 0, 'avg_gaze_x': -56.0, 'avg_gaze_y': -326.0, 'avg_pupil_size': 2.5}, {'event_type': 'MonocularEyeSampleEventNT', 'event_id': 901, 'logged_time': 16.985024400031936, 'system_time': 17.001174200035166, 'gaze_x_left': -55.0, 'gaze_y_left': -326.0, 'gaze_x_right': None, 'gaze_y_right': None, 'pupil_left': 5, 'pupil_right': 0, 'avg_gaze_x': -55.0, 'avg_gaze_y': -326.0, 'avg_pupil_size': 2.5}, {'event_type': 'MonocularEyeSampleEventNT', 'event_id': 902, 'logged_time': 17.005024400031935, 'system_time': 17.017324100015685, 'gaze_x_left': -55.0, 'gaze_y_left': -326.0, 'gaze_x_right': None, 'gaze_y_right': None, 'pupil_left': 5, 'pupil_right': 0, 'avg_gaze_x': -55.0, 'avg_gaze_y': -326.0, 'avg_pupil_size': 2.5}, {'event_type': 'MonocularEyeSampleEventNT', 'event_id': 904, 'logged_time': 17.025024400031935, 'system_time': 17.03294140001526, 'gaze_x_left': -55.0, 'gaze_y_left': -326.0, 'gaze_x_right': None, 'gaze_y_right': None, 'pupil_left': 5, 'pupil_right': 0, 'avg_gaze_x': -55.0, 'avg_gaze_y': -326.0, 'avg_pupil_size': 2.5}, {'event_type': 'MonocularEyeSampleEventNT', 'event_id': 905, 'logged_time': 17.045024400031934, 'system_time': 17.04912850004621, 'gaze_x_left': -55.0, 'gaze_y_left': -326.0, 'gaze_x_right': None, 'gaze_y_right': None, 'pupil_left': 5, 'pupil_right': 0, 'avg_gaze_x': -55.0, 'avg_gaze_y': -326.0, 'avg_pupil_size': 2.5}, {'event_type': 'MonocularEyeSampleEventNT', 'event_id': 908, 'logged_time': 17.065024400031934, 'system_time': 17.080140600039158, 'gaze_x_left': -54.0, 'gaze_y_left': -326.0, 'gaze_x_right': None, 'gaze_y_right': None, 'pupil_left': 5, 'pupil_right': 0, 'avg_gaze_x': -54.0, 'avg_gaze_y': -326.0, 'avg_pupil_size': 2.5}, {'event_type': 'MonocularEyeSampleEventNT', 'event_id': 909, 'logged_time': 17.085024400031934, 'system_time': 17.096064600045793, 'gaze_x_left': -53.0, 'gaze_y_left': -326.0, 'gaze_x_right': None, 'gaze_y_right': None, 'pupil_left': 5, 'pupil_right': 0, 'avg_gaze_x': -53.0, 'avg_gaze_y': -326.0, 'avg_pupil_size': 2.5}, {'event_type': 'MonocularEyeSampleEventNT', 'event_id': 911, 'logged_time': 17.105024400031933, 'system_time': 17.112674900039565, 'gaze_x_left': -52.0, 'gaze_y_left': -327.0, 'gaze_x_right': None, 'gaze_y_right': None, 'pupil_left': 5, 'pupil_right': 0, 'avg_gaze_x': -52.0, 'avg_gaze_y': -327.0, 'avg_pupil_size': 2.5}, {'event_type': 'MonocularEyeSampleEventNT', 'event_id': 913, 'logged_time': 17.125024400031933, 'system_time': 17.12878200004343, 'gaze_x_left': -51.0, 'gaze_y_left': -327.0, 'gaze_x_right': None, 'gaze_y_right': None, 'pupil_left': 5, 'pupil_right': 0, 'avg_gaze_x': -51.0, 'avg_gaze_y': -327.0, 'avg_pupil_size': 2.5}, {'event_type': 'MonocularEyeSampleEventNT', 'event_id': 916, 'logged_time': 17.145024400031932, 'system_time': 17.160369299992453, 'gaze_x_left': -50.0, 'gaze_y_left': -327.0, 'gaze_x_right': None, 'gaze_y_right': None, 'pupil_left': 5, 'pupil_right': 0, 'avg_gaze_x': -50.0, 'avg_gaze_y': -327.0, 'avg_pupil_size': 2.5}, {'event_type': 'MonocularEyeSampleEventNT', 'event_id': 917, 'logged_time': 17.165024400031932, 'system_time': 17.17711300001247, 'gaze_x_left': -50.0, 'gaze_y_left': -327.0, 'gaze_x_right': None, 'gaze_y_right': None, 'pupil_left': 5, 'pupil_right': 0, 'avg_gaze_x': -50.0, 'avg_gaze_y': -327.0, 'avg_pupil_size': 2.5}, {'event_type': 'MonocularEyeSampleEventNT', 'event_id': 918, 'logged_time': 17.18502440003193, 'system_time': 17.193320300022606, 'gaze_x_left': -50.0, 'gaze_y_left': -327.0, 'gaze_x_right': None, 'gaze_y_right': None, 'pupil_left': 5, 'pupil_right': 0, 'avg_gaze_x': -50.0, 'avg_gaze_y': -327.0, 'avg_pupil_size': 2.5}, {'event_type': 'MonocularEyeSampleEventNT', 'event_id': 919, 'logged_time': 17.20502440003193, 'system_time': 17.209871100028977, 'gaze_x_left': -50.0, 'gaze_y_left': -327.0, 'gaze_x_right': None, 'gaze_y_right': None, 'pupil_left': 5, 'pupil_right': 0, 'avg_gaze_x': -50.0, 'avg_gaze_y': -327.0, 'avg_pupil_size': 2.5}, {'event_type': 'MonocularEyeSampleEventNT', 'event_id': 922, 'logged_time': 17.22502440003193, 'system_time': 17.241855500033125, 'gaze_x_left': -48.0, 'gaze_y_left': -327.0, 'gaze_x_right': None, 'gaze_y_right': None, 'pupil_left': 5, 'pupil_right': 0, 'avg_gaze_x': -48.0, 'avg_gaze_y': -327.0, 'avg_pupil_size': 2.5}, {'event_type': 'MonocularEyeSampleEventNT', 'event_id': 923, 'logged_time': 17.24502440003193, 'system_time': 17.25735100003658, 'gaze_x_left': -48.0, 'gaze_y_left': -327.0, 'gaze_x_right': None, 'gaze_y_right': None, 'pupil_left': 5, 'pupil_right': 0, 'avg_gaze_x': -48.0, 'avg_gaze_y': -327.0, 'avg_pupil_size': 2.5}, {'event_type': 'MonocularEyeSampleEventNT', 'event_id': 925, 'logged_time': 17.26502440003193, 'system_time': 17.273684700019658, 'gaze_x_left': -47.0, 'gaze_y_left': -327.0, 'gaze_x_right': None, 'gaze_y_right': None, 'pupil_left': 5, 'pupil_right': 0, 'avg_gaze_x': -47.0, 'avg_gaze_y': -327.0, 'avg_pupil_size': 2.5}, {'event_type': 'MonocularEyeSampleEventNT', 'event_id': 927, 'logged_time': 17.28502440003193, 'system_time': 17.289742399996612, 'gaze_x_left': -46.0, 'gaze_y_left': -327.0, 'gaze_x_right': None, 'gaze_y_right': None, 'pupil_left': 5, 'pupil_right': 0, 'avg_gaze_x': -46.0, 'avg_gaze_y': -327.0, 'avg_pupil_size': 2.5}, {'event_type': 'MonocularEyeSampleEventNT', 'event_id': 930, 'logged_time': 17.30502440003193, 'system_time': 17.32108890003292, 'gaze_x_left': -45.0, 'gaze_y_left': -327.0, 'gaze_x_right': None, 'gaze_y_right': None, 'pupil_left': 5, 'pupil_right': 0, 'avg_gaze_x': -45.0, 'avg_gaze_y': -327.0, 'avg_pupil_size': 2.5}, {'event_type': 'MonocularEyeSampleEventNT', 'event_id': 931, 'logged_time': 17.32502440003193, 'system_time': 17.337230400007684, 'gaze_x_left': -45.0, 'gaze_y_left': -327.0, 'gaze_x_right': None, 'gaze_y_right': None, 'pupil_left': 5, 'pupil_right': 0, 'avg_gaze_x': -45.0, 'avg_gaze_y': -327.0, 'avg_pupil_size': 2.5}, {'event_type': 'MonocularEyeSampleEventNT', 'event_id': 932, 'logged_time': 17.345024400031928, 'system_time': 17.352558300015517, 'gaze_x_left': -45.0, 'gaze_y_left': -327.0, 'gaze_x_right': None, 'gaze_y_right': None, 'pupil_left': 5, 'pupil_right': 0, 'avg_gaze_x': -45.0, 'avg_gaze_y': -327.0, 'avg_pupil_size': 2.5}, {'event_type': 'MonocularEyeSampleEventNT', 'event_id': 933, 'logged_time': 17.365024400031928, 'system_time': 17.36889360001078, 'gaze_x_left': -45.0, 'gaze_y_left': -327.0, 'gaze_x_right': None, 'gaze_y_right': None, 'pupil_left': 5, 'pupil_right': 0, 'avg_gaze_x': -45.0, 'avg_gaze_y': -327.0, 'avg_pupil_size': 2.5}, {'event_type': 'MonocularEyeSampleEventNT', 'event_id': 934, 'logged_time': 17.385024400031927, 'system_time': 17.400269900041167, 'gaze_x_left': -45.0, 'gaze_y_left': -327.0, 'gaze_x_right': None, 'gaze_y_right': None, 'pupil_left': 5, 'pupil_right': 0, 'avg_gaze_x': -45.0, 'avg_gaze_y': -327.0, 'avg_pupil_size': 2.5}, {'event_type': 'MonocularEyeSampleEventNT', 'event_id': 935, 'logged_time': 17.405024400031927, 'system_time': 17.416650900035165, 'gaze_x_left': -45.0, 'gaze_y_left': -327.0, 'gaze_x_right': None, 'gaze_y_right': None, 'pupil_left': 5, 'pupil_right': 0, 'avg_gaze_x': -45.0, 'avg_gaze_y': -327.0, 'avg_pupil_size': 2.5}, {'event_type': 'MonocularEyeSampleEventNT', 'event_id': 936, 'logged_time': 17.425024400031926, 'system_time': 17.432381300022826, 'gaze_x_left': -45.0, 'gaze_y_left': -327.0, 'gaze_x_right': None, 'gaze_y_right': None, 'pupil_left': 5, 'pupil_right': 0, 'avg_gaze_x': -45.0, 'avg_gaze_y': -327.0, 'avg_pupil_size': 2.5}, {'event_type': 'MonocularEyeSampleEventNT', 'event_id': 937, 'logged_time': 17.445024400031926, 'system_time': 17.44947900000261, 'gaze_x_left': -44.0, 'gaze_y_left': -327.0, 'gaze_x_right': None, 'gaze_y_right': None, 'pupil_left': 5, 'pupil_right': 0, 'avg_gaze_x': -44.0, 'avg_gaze_y': -327.0, 'avg_pupil_size': 2.5}, {'event_type': 'MonocularEyeSampleEventNT', 'event_id': 941, 'logged_time': 17.465024400031925, 'system_time': 17.48042550001992, 'gaze_x_left': -41.0, 'gaze_y_left': -327.0, 'gaze_x_right': None, 'gaze_y_right': None, 'pupil_left': 5, 'pupil_right': 0, 'avg_gaze_x': -41.0, 'avg_gaze_y': -327.0, 'avg_pupil_size': 2.5}, {'event_type': 'MonocularEyeSampleEventNT', 'event_id': 942, 'logged_time': 17.485024400031925, 'system_time': 17.49716680002166, 'gaze_x_left': -41.0, 'gaze_y_left': -327.0, 'gaze_x_right': None, 'gaze_y_right': None, 'pupil_left': 5, 'pupil_right': 0, 'avg_gaze_x': -41.0, 'avg_gaze_y': -327.0, 'avg_pupil_size': 2.5}, {'event_type': 'MonocularEyeSampleEventNT', 'event_id': 944, 'logged_time': 17.505024400031925, 'system_time': 17.51266080001369, 'gaze_x_left': -41.0, 'gaze_y_left': -327.0, 'gaze_x_right': None, 'gaze_y_right': None, 'pupil_left': 5, 'pupil_right': 0, 'avg_gaze_x': -41.0, 'avg_gaze_y': -327.0, 'avg_pupil_size': 2.5}, {'event_type': 'MonocularEyeSampleEventNT', 'event_id': 945, 'logged_time': 17.525024400031924, 'system_time': 17.52834920003079, 'gaze_x_left': -41.0, 'gaze_y_left': -327.0, 'gaze_x_right': None, 'gaze_y_right': None, 'pupil_left': 5, 'pupil_right': 0, 'avg_gaze_x': -41.0, 'avg_gaze_y': -327.0, 'avg_pupil_size': 2.5}, {'event_type': 'MonocularEyeSampleEventNT', 'event_id': 946, 'logged_time': 17.545024400031924, 'system_time': 17.560642900003586, 'gaze_x_left': -41.0, 'gaze_y_left': -327.0, 'gaze_x_right': None, 'gaze_y_right': None, 'pupil_left': 5, 'pupil_right': 0, 'avg_gaze_x': -41.0, 'avg_gaze_y': -327.0, 'avg_pupil_size': 2.5}, {'event_type': 'MonocularEyeSampleEventNT', 'event_id': 947, 'logged_time': 17.565024400031923, 'system_time': 17.576297399995383, 'gaze_x_left': -41.0, 'gaze_y_left': -327.0, 'gaze_x_right': None, 'gaze_y_right': None, 'pupil_left': 5, 'pupil_right': 0, 'avg_gaze_x': -41.0, 'avg_gaze_y': -327.0, 'avg_pupil_size': 2.5}, {'event_type': 'MonocularEyeSampleEventNT', 'event_id': 948, 'logged_time': 17.585024400031923, 'system_time': 17.592770699993707, 'gaze_x_left': -40.0, 'gaze_y_left': -327.0, 'gaze_x_right': None, 'gaze_y_right': None, 'pupil_left': 5, 'pupil_right': 0, 'avg_gaze_x': -40.0, 'avg_gaze_y': -327.0, 'avg_pupil_size': 2.5}, {'event_type': 'MonocularEyeSampleEventNT', 'event_id': 950, 'logged_time': 17.605024400031922, 'system_time': 17.608715400041547, 'gaze_x_left': -40.0, 'gaze_y_left': -327.0, 'gaze_x_right': None, 'gaze_y_right': None, 'pupil_left': 5, 'pupil_right': 0, 'avg_gaze_x': -40.0, 'avg_gaze_y': -327.0, 'avg_pupil_size': 2.5}, {'event_type': 'MonocularEyeSampleEventNT', 'event_id': 953, 'logged_time': 17.625024400031922, 'system_time': 17.639615799998865, 'gaze_x_left': -39.0, 'gaze_y_left': -328.0, 'gaze_x_right': None, 'gaze_y_right': None, 'pupil_left': 5, 'pupil_right': 0, 'avg_gaze_x': -39.0, 'avg_gaze_y': -328.0, 'avg_pupil_size': 2.5}, {'event_type': 'MonocularEyeSampleEventNT', 'event_id': 955, 'logged_time': 17.64502440003192, 'system_time': 17.655653699999675, 'gaze_x_left': -39.0, 'gaze_y_left': -329.0, 'gaze_x_right': None, 'gaze_y_right': None, 'pupil_left': 5, 'pupil_right': 0, 'avg_gaze_x': -39.0, 'avg_gaze_y': -329.0, 'avg_pupil_size': 2.5}, {'event_type': 'MonocularEyeSampleEventNT', 'event_id': 956, 'logged_time': 17.66502440003192, 'system_time': 17.67246220004745, 'gaze_x_left': -37.0, 'gaze_y_left': -329.0, 'gaze_x_right': None, 'gaze_y_right': None, 'pupil_left': 5, 'pupil_right': 0, 'avg_gaze_x': -37.0, 'avg_gaze_y': -329.0, 'avg_pupil_size': 2.5}, {'event_type': 'MonocularEyeSampleEventNT', 'event_id': 958, 'logged_time': 17.68502440003192, 'system_time': 17.688176300027408, 'gaze_x_left': -36.0, 'gaze_y_left': -330.0, 'gaze_x_right': None, 'gaze_y_right': None, 'pupil_left': 5, 'pupil_right': 0, 'avg_gaze_x': -36.0, 'avg_gaze_y': -330.0, 'avg_pupil_size': 2.5}, {'event_type': 'MonocularEyeSampleEventNT', 'event_id': 960, 'logged_time': 17.70502440003192, 'system_time': 17.719692800019402, 'gaze_x_left': -36.0, 'gaze_y_left': -330.0, 'gaze_x_right': None, 'gaze_y_right': None, 'pupil_left': 5, 'pupil_right': 0, 'avg_gaze_x': -36.0, 'avg_gaze_y': -330.0, 'avg_pupil_size': 2.5}, {'event_type': 'MonocularEyeSampleEventNT', 'event_id': 961, 'logged_time': 17.72502440003192, 'system_time': 17.735674600000493, 'gaze_x_left': -36.0, 'gaze_y_left': -330.0, 'gaze_x_right': None, 'gaze_y_right': None, 'pupil_left': 5, 'pupil_right': 0, 'avg_gaze_x': -36.0, 'avg_gaze_y': -330.0, 'avg_pupil_size': 2.5}, {'event_type': 'MonocularEyeSampleEventNT', 'event_id': 962, 'logged_time': 17.74502440003192, 'system_time': 17.751665200048592, 'gaze_x_left': -36.0, 'gaze_y_left': -330.0, 'gaze_x_right': None, 'gaze_y_right': None, 'pupil_left': 5, 'pupil_right': 0, 'avg_gaze_x': -36.0, 'avg_gaze_y': -330.0, 'avg_pupil_size': 2.5}, {'event_type': 'MonocularEyeSampleEventNT', 'event_id': 963, 'logged_time': 17.76502440003192, 'system_time': 17.767600000021048, 'gaze_x_left': -36.0, 'gaze_y_left': -330.0, 'gaze_x_right': None, 'gaze_y_right': None, 'pupil_left': 5, 'pupil_right': 0, 'avg_gaze_x': -36.0, 'avg_gaze_y': -330.0, 'avg_pupil_size': 2.5}, {'event_type': 'MonocularEyeSampleEventNT', 'event_id': 964, 'logged_time': 17.78502440003192, 'system_time': 17.80036839999957, 'gaze_x_left': -36.0, 'gaze_y_left': -330.0, 'gaze_x_right': None, 'gaze_y_right': None, 'pupil_left': 5, 'pupil_right': 0, 'avg_gaze_x': -36.0, 'avg_gaze_y': -330.0, 'avg_pupil_size': 2.5}, {'event_type': 'MonocularEyeSampleEventNT', 'event_id': 966, 'logged_time': 17.805024400031918, 'system_time': 17.816014900046866, 'gaze_x_left': -36.0, 'gaze_y_left': -330.0, 'gaze_x_right': None, 'gaze_y_right': None, 'pupil_left': 5, 'pupil_right': 0, 'avg_gaze_x': -36.0, 'avg_gaze_y': -330.0, 'avg_pupil_size': 2.5}, {'event_type': 'MonocularEyeSampleEventNT', 'event_id': 967, 'logged_time': 17.825024400031918, 'system_time': 17.830530800041743, 'gaze_x_left': -36.0, 'gaze_y_left': -330.0, 'gaze_x_right': None, 'gaze_y_right': None, 'pupil_left': 5, 'pupil_right': 0, 'avg_gaze_x': -36.0, 'avg_gaze_y': -330.0, 'avg_pupil_size': 2.5}, {'event_type': 'MonocularEyeSampleEventNT', 'event_id': 968, 'logged_time': 17.845024400031917, 'system_time': 17.846061300020665, 'gaze_x_left': -36.0, 'gaze_y_left': -330.0, 'gaze_x_right': None, 'gaze_y_right': None, 'pupil_left': 5, 'pupil_right': 0, 'avg_gaze_x': -36.0, 'avg_gaze_y': -330.0, 'avg_pupil_size': 2.5}, {'event_type': 'MonocularEyeSampleEventNT', 'event_id': 969, 'logged_time': 17.865024400031917, 'system_time': 17.87756720004836, 'gaze_x_left': -36.0, 'gaze_y_left': -330.0, 'gaze_x_right': None, 'gaze_y_right': None, 'pupil_left': 5, 'pupil_right': 0, 'avg_gaze_x': -36.0, 'avg_gaze_y': -330.0, 'avg_pupil_size': 2.5}, {'event_type': 'MonocularEyeSampleEventNT', 'event_id': 970, 'logged_time': 17.885024400031917, 'system_time': 17.893111400015187, 'gaze_x_left': -36.0, 'gaze_y_left': -330.0, 'gaze_x_right': None, 'gaze_y_right': None, 'pupil_left': 5, 'pupil_right': 0, 'avg_gaze_x': -36.0, 'avg_gaze_y': -330.0, 'avg_pupil_size': 2.5}, {'event_type': 'MonocularEyeSampleEventNT', 'event_id': 971, 'logged_time': 17.905024400031916, 'system_time': 17.9089361000224, 'gaze_x_left': -36.0, 'gaze_y_left': -330.0, 'gaze_x_right': None, 'gaze_y_right': None, 'pupil_left': 5, 'pupil_right': 0, 'avg_gaze_x': -36.0, 'avg_gaze_y': -330.0, 'avg_pupil_size': 2.5}, {'event_type': 'MonocularEyeSampleEventNT', 'event_id': 972, 'logged_time': 17.925024400031916, 'system_time': 17.9402125000488, 'gaze_x_left': -36.0, 'gaze_y_left': -330.0, 'gaze_x_right': None, 'gaze_y_right': None, 'pupil_left': 5, 'pupil_right': 0, 'avg_gaze_x': -36.0, 'avg_gaze_y': -330.0, 'avg_pupil_size': 2.5}, {'event_type': 'MonocularEyeSampleEventNT', 'event_id': 973, 'logged_time': 17.945024400031915, 'system_time': 17.957320799992885, 'gaze_x_left': -36.0, 'gaze_y_left': -330.0, 'gaze_x_right': None, 'gaze_y_right': None, 'pupil_left': 5, 'pupil_right': 0, 'avg_gaze_x': -36.0, 'avg_gaze_y': -330.0, 'avg_pupil_size': 2.5}, {'event_type': 'MonocularEyeSampleEventNT', 'event_id': 974, 'logged_time': 17.965024400031915, 'system_time': 17.97351640003035, 'gaze_x_left': -36.0, 'gaze_y_left': -330.0, 'gaze_x_right': None, 'gaze_y_right': None, 'pupil_left': 5, 'pupil_right': 0, 'avg_gaze_x': -36.0, 'avg_gaze_y': -330.0, 'avg_pupil_size': 2.5}];{'timeseries_bboxes': [{'channel_idx': 0, 'channel_name': '1', 'start_idx': 0, 'end_idx': 0, 'bbox': {'cx': -311.36842105263156, 'cy': 75.30909688416006, 'w': 7.26315789473685, 'h': 14.200000000000045}}, {'channel_idx': 0, 'channel_name': '1', 'start_idx': 1, 'end_idx': 1, 'bbox': {'cx': -304.10526315789474, 'cy': 106.36773245251067, 'w': 7.26315789473685, 'h': 14.200000000000045}}, {'channel_idx': 0, 'channel_name': '1', 'start_idx': 2, 'end_idx': 2, 'bbox': {'cx': -296.8421052631579, 'cy': 228.12379943928966, 'w': 7.26315789473685, 'h': 14.199999999999989}}, {'channel_idx': 0, 'channel_name': '1', 'start_idx': 3, 'end_idx': 3, 'bbox': {'cx': -289.57894736842104, 'cy': 350.0744137074256, 'w': 7.26315789473685, 'h': 14.200000000000003}}, {'channel_idx': 0, 'channel_name': '1', 'start_idx': 4, 'end_idx': 4, 'bbox': {'cx': -282.3157894736842, 'cy': 371.45, 'w': 7.26315789473685, 'h': 7.1000000000000005}}, {'channel_idx': 0, 'channel_name': '1', 'start_idx': 5, 'end_idx': 5, 'bbox': {'cx': -275.0526315789474, 'cy': 315.5653815975346, 'w': 7.26315789473685, 'h': 14.199999999999996}}, {'channel_idx': 0, 'channel_name': '1', 'start_idx': 6, 'end_idx': 6, 'bbox': {'cx': -267.7894736842105, 'cy': 235.01808854108083, 'w': 7.26315789473685, 'h': 14.199999999999989}}, {'channel_idx': 0, 'channel_name': '1', 'start_idx': 7, 'end_idx': 7, 'bbox': {'cx': -260.5263157894737, 'cy': 155.73553893691843, 'w': 7.26315789473685, 'h': 14.199999999999989}}, {'channel_idx': 0, 'channel_name': '1', 'start_idx': 8, 'end_idx': 8, 'bbox': {'cx': -253.26315789473682, 'cy': 47.41118597205747, 'w': 7.26315789473685, 'h': 14.200000000000045}}, {'channel_idx': 0, 'channel_name': '1', 'start_idx': 9, 'end_idx': 9, 'bbox': {'cx': -246.0, 'cy': -69.271325810301, 'w': 7.263157894736835, 'h': 14.200000000000045}}, {'channel_idx': 0, 'channel_name': '1', 'start_idx': 10, 'end_idx': 10, 'bbox': {'cx': -238.73684210526315, 'cy': -106.69403641272208, 'w': 7.263157894736821, 'h': 14.200000000000045}}, {'channel_idx': 0, 'channel_name': '1', 'start_idx': 11, 'end_idx': 11, 'bbox': {'cx': -231.4736842105263, 'cy': -62.18226538964154, 'w': 7.263157894736821, 'h': 14.200000000000045}}, {'channel_idx': 0, 'channel_name': '1', 'start_idx': 12, 'end_idx': 12, 'bbox': {'cx': -224.21052631578948, 'cy': -36.600257805765466, 'w': 7.263157894736821, 'h': 14.200000000000045}}, {'channel_idx': 0, 'channel_name': '1', 'start_idx': 13, 'end_idx': 13, 'bbox': {'cx': -216.94736842105263, 'cy': -67.7283760231997, 'w': 7.263157894736821, 'h': 14.200000000000045}}, {'channel_idx': 0, 'channel_name': '1', 'start_idx': 14, 'end_idx': 14, 'bbox': {'cx': -209.68421052631578, 'cy': -90.16357168027992, 'w': 7.263157894736821, 'h': 14.200000000000045}}, {'channel_idx': 0, 'channel_name': '1', 'start_idx': 15, 'end_idx': 15, 'bbox': {'cx': -202.42105263157896, 'cy': -73.12881402017524, 'w': 7.263157894736821, 'h': 14.200000000000045}}, {'channel_idx': 0, 'channel_name': '1', 'start_idx': 16, 'end_idx': 16, 'bbox': {'cx': -195.15789473684208, 'cy': -62.99810832725831, 'w': 7.263157894736821, 'h': 14.200000000000045}}, {'channel_idx': 0, 'channel_name': '1', 'start_idx': 17, 'end_idx': 17, 'bbox': {'cx': -187.89473684210526, 'cy': -78.50469405918062, 'w': 7.263157894736821, 'h': 14.200000000000045}}, {'channel_idx': 0, 'channel_name': '1', 'start_idx': 18, 'end_idx': 18, 'bbox': {'cx': -180.6315789473684, 'cy': -105.23905236938725, 'w': 7.263157894736821, 'h': 14.200000000000045}}, {'channel_idx': 0, 'channel_name': '1', 'start_idx': 19, 'end_idx': 19, 'bbox': {'cx': -173.36842105263156, 'cy': -140.63716872607233, 'w': 7.263157894736821, 'h': 14.200000000000045}}, {'channel_idx': 0, 'channel_name': '1', 'start_idx': 20, 'end_idx': 20, 'bbox': {'cx': -166.10526315789474, 'cy': -160.11683913024126, 'w': 7.263157894736821, 'h': 14.200000000000045}}, {'channel_idx': 0, 'channel_name': '1', 'start_idx': 21, 'end_idx': 21, 'bbox': {'cx': -158.8421052631579, 'cy': -173.17679909282037, 'w': 7.263157894736821, 'h': 14.200000000000045}}, {'channel_idx': 0, 'channel_name': '1', 'start_idx': 22, 'end_idx': 22, 'bbox': {'cx': -151.57894736842104, 'cy': -216.99304910877981, 'w': 7.263157894736821, 'h': 14.200000000000045}}, {'channel_idx': 0, 'channel_name': '1', 'start_idx': 23, 'end_idx': 23, 'bbox': {'cx': -144.3157894736842, 'cy': -230.0701014101062, 'w': 7.263157894736821, 'h': 14.200000000000045}}, {'channel_idx': 0, 'channel_name': '1', 'start_idx': 24, 'end_idx': 24, 'bbox': {'cx': -137.05263157894737, 'cy': -198.06038007539019, 'w': 7.263157894736821, 'h': 14.200000000000045}}, {'channel_idx': 0, 'channel_name': '1', 'start_idx': 25, 'end_idx': 25, 'bbox': {'cx': -129.78947368421052, 'cy': -225.27924880101102, 'w': 7.263157894736821, 'h': 14.200000000000045}}, {'channel_idx': 0, 'channel_name': '1', 'start_idx': 26, 'end_idx': 26, 'bbox': {'cx': -122.52631578947367, 'cy': -258.0514042540136, 'w': 7.263157894736821, 'h': 14.200000000000045}}, {'channel_idx': 0, 'channel_name': '1', 'start_idx': 27, 'end_idx': 27, 'bbox': {'cx': -115.26315789473682, 'cy': -212.88430455334037, 'w': 7.263157894736878, 'h': 14.200000000000045}}, {'channel_idx': 0, 'channel_name': '1', 'start_idx': 28, 'end_idx': 28, 'bbox': {'cx': -108.0, 'cy': -221.45947816784792, 'w': 7.263157894736878, 'h': 14.200000000000045}}, {'channel_idx': 0, 'channel_name': '1', 'start_idx': 29, 'end_idx': 29, 'bbox': {'cx': -100.73684210526312, 'cy': -302.35514955438384, 'w': 7.263157894736878, 'h': 14.200000000000045}}, {'channel_idx': 0, 'channel_name': '1', 'start_idx': 30, 'end_idx': 30, 'bbox': {'cx': -93.4736842105263, 'cy': -315.67738506135356, 'w': 7.263157894736878, 'h': 14.200000000000045}}, {'channel_idx': 0, 'channel_name': '1', 'start_idx': 31, 'end_idx': 31, 'bbox': {'cx': -86.21052631578948, 'cy': -295.3063435044098, 'w': 7.263157894736878, 'h': 14.200000000000045}}, {'channel_idx': 0, 'channel_name': '1', 'start_idx': 32, 'end_idx': 32, 'bbox': {'cx': -78.9473684210526, 'cy': -304.6869319720656, 'w': 7.263157894736878, 'h': 14.200000000000045}}, {'channel_idx': 0, 'channel_name': '1', 'start_idx': 33, 'end_idx': 33, 'bbox': {'cx': -71.68421052631578, 'cy': -302.5965241223349, 'w': 7.263157894736878, 'h': 14.200000000000045}}, {'channel_idx': 0, 'channel_name': '1', 'start_idx': 34, 'end_idx': 34, 'bbox': {'cx': -64.42105263157896, 'cy': -310.6337836721947, 'w': 7.263157894736878, 'h': 14.200000000000045}}, {'channel_idx': 0, 'channel_name': '1', 'start_idx': 35, 'end_idx': 35, 'bbox': {'cx': -57.15789473684208, 'cy': -331.45000000000005, 'w': 7.263157894736878, 'h': 7.100000000000023}}, {'channel_idx': 0, 'channel_name': '1', 'start_idx': 36, 'end_idx': 36, 'bbox': {'cx': -49.89473684210526, 'cy': -328.3392736228137, 'w': 7.263157894736878, 'h': 13.321452754372558}}, {'channel_idx': 0, 'channel_name': '1', 'start_idx': 37, 'end_idx': 37, 'bbox': {'cx': -42.63157894736838, 'cy': -324.97678578164266, 'w': 7.263157894736878, 'h': 14.200000000000045}}, {'channel_idx': 0, 'channel_name': '1', 'start_idx': 38, 'end_idx': 38, 'bbox': {'cx': -35.36842105263156, 'cy': -330.2841174079865, 'w': 7.263157894736878, 'h': 9.431765184027086}}, {'channel_idx': 0, 'channel_name': '1', 'start_idx': 39, 'end_idx': 39, 'bbox': {'cx': -28.10526315789474, 'cy': -301.5781702315169, 'w': 7.263157894736878, 'h': 14.200000000000045}}, {'channel_idx': 0, 'channel_name': '1', 'start_idx': 40, 'end_idx': 40, 'bbox': {'cx': -20.842105263157862, 'cy': -263.49978972513975, 'w': 7.263157894736878, 'h': 14.200000000000045}}, {'channel_idx': 0, 'channel_name': '1', 'start_idx': 41, 'end_idx': 41, 'bbox': {'cx': -13.57894736842104, 'cy': -258.0514042540136, 'w': 7.263157894736878, 'h': 14.200000000000045}}, {'channel_idx': 0, 'channel_name': '1', 'start_idx': 42, 'end_idx': 42, 'bbox': {'cx': -6.3157894736842195, 'cy': -252.5746694208798, 'w': 7.263157894736878, 'h': 14.200000000000045}}, {'channel_idx': 0, 'channel_name': '1', 'start_idx': 43, 'end_idx': 43, 'bbox': {'cx': 0.9473684210526585, 'cy': -224.95989194547042, 'w': 7.263157894736878, 'h': 14.200000000000045}}, {'channel_idx': 0, 'channel_name': '1', 'start_idx': 44, 'end_idx': 44, 'bbox': {'cx': 8.21052631578948, 'cy': -176.43926779978028, 'w': 7.263157894736878, 'h': 14.200000000000045}}, {'channel_idx': 0, 'channel_name': '1', 'start_idx': 45, 'end_idx': 45, 'bbox': {'cx': 15.473684210526358, 'cy': -136.3337045527287, 'w': 7.263157894736878, 'h': 14.200000000000045}}, {'channel_idx': 0, 'channel_name': '1', 'start_idx': 46, 'end_idx': 46, 'bbox': {'cx': 22.73684210526318, 'cy': -133.23641180939353, 'w': 7.263157894736878, 'h': 14.200000000000045}}, {'channel_idx': 0, 'channel_name': '1', 'start_idx': 47, 'end_idx': 47, 'bbox': {'cx': 30.0, 'cy': -106.48600207318441, 'w': 7.263157894736878, 'h': 14.200000000000045}}, {'channel_idx': 0, 'channel_name': '1', 'start_idx': 48, 'end_idx': 48, 'bbox': {'cx': 37.26315789473688, 'cy': -35.65036460830652, 'w': 7.263157894736878, 'h': 14.200000000000045}}, {'channel_idx': 0, 'channel_name': '1', 'start_idx': 49, 'end_idx': 49, 'bbox': {'cx': 44.5263157894737, 'cy': -7.103686043298069, 'w': 7.263157894736878, 'h': 14.200000000000045}}, {'channel_idx': 0, 'channel_name': '1', 'start_idx': 50, 'end_idx': 50, 'bbox': {'cx': 51.78947368421052, 'cy': -3.88787711180845, 'w': 7.263157894736878, 'h': 14.200000000000045}}, {'channel_idx': 0, 'channel_name': '1', 'start_idx': 51, 'end_idx': 51, 'bbox': {'cx': 59.0526315789474, 'cy': 22.823058765937276, 'w': 7.263157894736878, 'h': 14.200000000000045}}, {'channel_idx': 0, 'channel_name': '1', 'start_idx': 52, 'end_idx': 52, 'bbox': {'cx': 66.31578947368422, 'cy': 11.997910892684388, 'w': 7.263157894736878, 'h': 14.200000000000045}}, {'channel_idx': 0, 'channel_name': '1', 'start_idx': 53, 'end_idx': 53, 'bbox': {'cx': 73.5789473684211, 'cy': 3.1074492885146014, 'w': 7.263157894736878, 'h': 14.200000000000045}}, {'channel_idx': 0, 'channel_name': '1', 'start_idx': 54, 'end_idx': 54, 'bbox': {'cx': 80.84210526315792, 'cy': 68.62787607244911, 'w': 7.263157894736878, 'h': 14.200000000000045}}, {'channel_idx': 0, 'channel_name': '1', 'start_idx': 55, 'end_idx': 55, 'bbox': {'cx': 88.10526315789474, 'cy': 99.73048675753836, 'w': 7.263157894736878, 'h': 14.200000000000045}}, {'channel_idx': 0, 'channel_name': '1', 'start_idx': 56, 'end_idx': 56, 'bbox': {'cx': 95.36842105263162, 'cy': 63.733614641596546, 'w': 7.263157894736878, 'h': 14.200000000000045}}, {'channel_idx': 0, 'channel_name': '1', 'start_idx': 57, 'end_idx': 57, 'bbox': {'cx': 102.63157894736844, 'cy': 73.69507205827944, 'w': 7.263157894736878, 'h': 14.200000000000045}}, {'channel_idx': 0, 'channel_name': '1', 'start_idx': 58, 'end_idx': 58, 'bbox': {'cx': 109.89473684210526, 'cy': 106.56875786467538, 'w': 7.263157894736878, 'h': 14.200000000000045}}, {'channel_idx': 0, 'channel_name': '1', 'start_idx': 59, 'end_idx': 59, 'bbox': {'cx': 117.15789473684214, 'cy': 96.37847198067459, 'w': 7.263157894736878, 'h': 14.200000000000045}}, {'channel_idx': 0, 'channel_name': '1', 'start_idx': 60, 'end_idx': 60, 'bbox': {'cx': 124.42105263157896, 'cy': 93.53764014662875, 'w': 7.263157894736878, 'h': 14.200000000000045}}, {'channel_idx': 0, 'channel_name': '1', 'start_idx': 61, 'end_idx': 61, 'bbox': {'cx': 131.68421052631584, 'cy': 112.34273532761836, 'w': 7.263157894736878, 'h': 14.200000000000017}}, {'channel_idx': 0, 'channel_name': '1', 'start_idx': 62, 'end_idx': 62, 'bbox': {'cx': 138.94736842105272, 'cy': 108.03734960177388, 'w': 7.263157894736878, 'h': 14.200000000000045}}, {'channel_idx': 0, 'channel_name': '1', 'start_idx': 63, 'end_idx': 63, 'bbox': {'cx': 146.21052631578948, 'cy': 88.7603676574497, 'w': 7.263157894736878, 'h': 14.200000000000045}}, {'channel_idx': 0, 'channel_name': '1', 'start_idx': 64, 'end_idx': 64, 'bbox': {'cx': 153.47368421052636, 'cy': 86.36174968004866, 'w': 7.263157894736878, 'h': 14.200000000000045}}, {'channel_idx': 0, 'channel_name': '1', 'start_idx': 65, 'end_idx': 65, 'bbox': {'cx': 160.73684210526312, 'cy': 98.71024750489448, 'w': 7.263157894736878, 'h': 14.200000000000045}}, {'channel_idx': 0, 'channel_name': '1', 'start_idx': 66, 'end_idx': 66, 'bbox': {'cx': 168.0, 'cy': 100.62895128259407, 'w': 7.263157894736878, 'h': 14.200000000000045}}, {'channel_idx': 0, 'channel_name': '1', 'start_idx': 67, 'end_idx': 67, 'bbox': {'cx': 175.26315789473688, 'cy': 85.07103683346588, 'w': 7.263157894736878, 'h': 14.200000000000045}}, {'channel_idx': 0, 'channel_name': '1', 'start_idx': 68, 'end_idx': 68, 'bbox': {'cx': 182.52631578947376, 'cy': 75.39249226269584, 'w': 7.263157894736878, 'h': 14.200000000000045}}, {'channel_idx': 0, 'channel_name': '1', 'start_idx': 69, 'end_idx': 69, 'bbox': {'cx': 189.78947368421063, 'cy': 82.14133104205013, 'w': 7.263157894736878, 'h': 14.200000000000045}}, {'channel_idx': 0, 'channel_name': '1', 'start_idx': 70, 'end_idx': 70, 'bbox': {'cx': 197.0526315789474, 'cy': 90.55537170832946, 'w': 7.263157894736878, 'h': 14.200000000000045}}, {'channel_idx': 0, 'channel_name': '1', 'start_idx': 71, 'end_idx': 71, 'bbox': {'cx': 204.31578947368428, 'cy': 96.37847198067459, 'w': 7.263157894736878, 'h': 14.200000000000045}}, {'channel_idx': 0, 'channel_name': '1', 'start_idx': 72, 'end_idx': 72, 'bbox': {'cx': 211.57894736842104, 'cy': 100.15229769036495, 'w': 7.263157894736878, 'h': 14.200000000000045}}, {'channel_idx': 0, 'channel_name': '1', 'start_idx': 73, 'end_idx': 73, 'bbox': {'cx': 218.84210526315792, 'cy': 95.16568972071718, 'w': 7.263157894736878, 'h': 14.200000000000045}}, {'channel_idx': 0, 'channel_name': '1', 'start_idx': 74, 'end_idx': 74, 'bbox': {'cx': 226.1052631578948, 'cy': 94.0466964564547, 'w': 7.263157894736878, 'h': 14.200000000000045}}, {'channel_idx': 0, 'channel_name': '1', 'start_idx': 75, 'end_idx': 75, 'bbox': {'cx': 233.36842105263156, 'cy': 106.25655642257288, 'w': 7.263157894736878, 'h': 14.200000000000045}}, {'channel_idx': 0, 'channel_name': '1', 'start_idx': 76, 'end_idx': 76, 'bbox': {'cx': 240.63157894736844, 'cy': 109.35311328885172, 'w': 7.263157894736878, 'h': 14.200000000000045}}, {'channel_idx': 0, 'channel_name': '1', 'start_idx': 77, 'end_idx': 77, 'bbox': {'cx': 247.89473684210532, 'cy': 101.04202302911432, 'w': 7.263157894736878, 'h': 14.200000000000045}}, {'channel_idx': 0, 'channel_name': '1', 'start_idx': 78, 'end_idx': 78, 'bbox': {'cx': 255.15789473684208, 'cy': 101.68810412758648, 'w': 7.263157894736878, 'h': 14.200000000000045}}, {'channel_idx': 0, 'channel_name': '1', 'start_idx': 79, 'end_idx': 79, 'bbox': {'cx': 262.42105263157896, 'cy': 111.14680068851112, 'w': 7.263157894736878, 'h': 14.200000000000045}}, {'channel_idx': 0, 'channel_name': '1', 'start_idx': 80, 'end_idx': 80, 'bbox': {'cx': 269.68421052631584, 'cy': 129.0233310431181, 'w': 7.263157894736878, 'h': 14.199999999999989}}, {'channel_idx': 0, 'channel_name': '1', 'start_idx': 81, 'end_idx': 81, 'bbox': {'cx': 276.9473684210527, 'cy': 139.7381886962856, 'w': 7.263157894736878, 'h': 14.199999999999989}}, {'channel_idx': 0, 'channel_name': '1', 'start_idx': 82, 'end_idx': 82, 'bbox': {'cx': 284.2105263157895, 'cy': 124.52618127115335, 'w': 7.263157894736878, 'h': 14.200000000000017}}, {'channel_idx': 0, 'channel_name': '1', 'start_idx': 83, 'end_idx': 83, 'bbox': {'cx': 291.47368421052636, 'cy': 133.68688209155783, 'w': 7.263157894736878, 'h': 14.199999999999989}}, {'channel_idx': 0, 'channel_name': '1', 'start_idx': 84, 'end_idx': 84, 'bbox': {'cx': 298.73684210526324, 'cy': 169.5199810633689, 'w': 7.263157894736878, 'h': 14.199999999999989}}, {'channel_idx': 0, 'channel_name': '1', 'start_idx': 85, 'end_idx': 85, 'bbox': {'cx': 306.0, 'cy': 142.32738332099706, 'w': 7.263157894736878, 'h': 14.199999999999989}}, {'channel_idx': 0, 'channel_name': '1', 'start_idx': 86, 'end_idx': 86, 'bbox': {'cx': 313.2631578947369, 'cy': 87.05136988379513, 'w': 7.263157894736878, 'h': 14.200000000000045}}, {'channel_idx': 0, 'channel_name': '1', 'start_idx': 87, 'end_idx': 87, 'bbox': {'cx': 320.52631578947376, 'cy': 91.97949027606808, 'w': 7.263157894736878, 'h': 14.200000000000045}}, {'channel_idx': 0, 'channel_name': '1', 'start_idx': 88, 'end_idx': 88, 'bbox': {'cx': 327.7894736842105, 'cy': 99.86979845216536, 'w': 7.263157894736878, 'h': 14.200000000000045}}, {'channel_idx': 0, 'channel_name': '1', 'start_idx': 89, 'end_idx': 89, 'bbox': {'cx': 335.0526315789474, 'cy': 82.3878188353554, 'w': 7.263157894736878, 'h': 14.200000000000045}}, {'channel_idx': 0, 'channel_name': '1', 'start_idx': 90, 'end_idx': 90, 'bbox': {'cx': 342.3157894736843, 'cy': 92.25995077291486, 'w': 7.263157894736878, 'h': 14.200000000000045}}, {'channel_idx': 0, 'channel_name': '1', 'start_idx': 91, 'end_idx': 91, 'bbox': {'cx': 349.57894736842104, 'cy': 103.98977590374858, 'w': 7.263157894736878, 'h': 14.200000000000045}}, {'channel_idx': 0, 'channel_name': '1', 'start_idx': 92, 'end_idx': 92, 'bbox': {'cx': 356.8421052631579, 'cy': 103.37379855333415, 'w': 7.263157894736878, 'h': 14.200000000000045}}, {'channel_idx': 0, 'channel_name': '1', 'start_idx': 93, 'end_idx': 93, 'bbox': {'cx': 364.1052631578948, 'cy': 104.89114774635493, 'w': 7.263157894736878, 'h': 14.200000000000045}}, {'channel_idx': 0, 'channel_name': '1', 'start_idx': 94, 'end_idx': 94, 'bbox': {'cx': 371.36842105263156, 'cy': 56.62815812184033, 'w': 7.263157894736878, 'h': 14.200000000000045}}]};;
output\20260915_121156\0.1476469.png;"[ 0.8046684   0.36777149  0.24389371  0.02661388 -0.27440211  0.09673058
 -0.74773064 -1.6097771  -1.1795931  -1.0559264  -1.1287774  -0.68603867
 -0.79878866 -1.7142791  -1.6498584  -1.0326988  -1.4239179  -1.7824333
 -1.0251257  -1.7989086  -1.7936136  -1.0854783  -1.5743899  -1.0360595
 -2.130021   -2.0386213  -0.05501273 -1.1401949  -0.70427521  0.04872308
 -0.47585411  0.52586518  0.24477767  0.67993176  0.9286012   0.57304095
  1.2316066   1.0433243   1.5802281   1.2905714   0.75051788  0.97756667
  1.1415881   1.5299044   0.84768163  0.7667604   0.56568218  1.0846257
  1.0573685   0.50308411  0.95328821  0.45419824  1.1989698   0.84971989
 -0.13771474  0.63112045  0.69407501  0.51507095  0.5592294   0.555712
  0.46969403  0.38882121  0.34312937  0.53559788  0.90070837  0.65684587
  0.69003294  0.9525963   0.54776991 -0.16769268  0.01153194 -0.17648785
 -0.27770647 -0.22483592 -0.91072293 -0.03793179  0.07166767 -1.0489198
 -0.63621758 -0.38663674 -0.50751228 -0.7166559  -0.46375771 -0.46044227
 -0.77079245 -0.53350348 -0.4002281   0.17608413  1.111768    2.4384282
  2.7348886   1.7360544   0.03685655 -1.2650744  -0.20802439]";normal;abnormal;[{'event_type': 'MonocularEyeSampleEventNT', 'event_id': 1328, 'logged_time': 22.42502440003182, 'system_time': 22.439406500023324, 'gaze_x_left': 197.0, 'gaze_y_left': -35.0, 'gaze_x_right': None, 'gaze_y_right': None, 'pupil_left': 5, 'pupil_right': 0, 'avg_gaze_x': 197.0, 'avg_gaze_y': -35.0, 'avg_pupil_size': 2.5}, {'event_type': 'MonocularEyeSampleEventNT', 'event_id': 1332, 'logged_time': 22.44502440003182, 'system_time': 22.453491399995983, 'gaze_x_left': 197.0, 'gaze_y_left': -35.0, 'gaze_x_right': None, 'gaze_y_right': None, 'pupil_left': 5, 'pupil_right': 0, 'avg_gaze_x': 197.0, 'avg_gaze_y': -35.0, 'avg_pupil_size': 2.5}, {'event_type': 'MonocularEyeSampleEventNT', 'event_id': 1334, 'logged_time': 22.46502440003182, 'system_time': 22.46944130002521, 'gaze_x_left': 196.0, 'gaze_y_left': -35.0, 'gaze_x_right': None, 'gaze_y_right': None, 'pupil_left': 5, 'pupil_right': 0, 'avg_gaze_x': 196.0, 'avg_gaze_y': -35.0, 'avg_pupil_size': 2.5}, {'event_type': 'MonocularEyeSampleEventNT', 'event_id': 1339, 'logged_time': 22.48502440003182, 'system_time': 22.501422900008038, 'gaze_x_left': 194.0, 'gaze_y_left': -31.0, 'gaze_x_right': None, 'gaze_y_right': None, 'pupil_left': 5, 'pupil_right': 0, 'avg_gaze_x': 194.0, 'avg_gaze_y': -31.0, 'avg_pupil_size': 2.5}, {'event_type': 'MonocularEyeSampleEventNT', 'event_id': 1340, 'logged_time': 22.505024400031818, 'system_time': 22.517847100039944, 'gaze_x_left': 193.0, 'gaze_y_left': -29.0, 'gaze_x_right': None, 'gaze_y_right': None, 'pupil_left': 5, 'pupil_right': 0, 'avg_gaze_x': 193.0, 'avg_gaze_y': -29.0, 'avg_pupil_size': 2.5}, {'event_type': 'MonocularEyeSampleEventNT', 'event_id': 1342, 'logged_time': 22.525024400031818, 'system_time': 22.53357580001466, 'gaze_x_left': 192.0, 'gaze_y_left': -26.0, 'gaze_x_right': None, 'gaze_y_right': None, 'pupil_left': 5, 'pupil_right': 0, 'avg_gaze_x': 192.0, 'avg_gaze_y': -26.0, 'avg_pupil_size': 2.5}, {'event_type': 'MonocularEyeSampleEventNT', 'event_id': 1345, 'logged_time': 22.545024400031817, 'system_time': 22.54905490000965, 'gaze_x_left': 191.0, 'gaze_y_left': -24.0, 'gaze_x_right': None, 'gaze_y_right': None, 'pupil_left': 5, 'pupil_right': 0, 'avg_gaze_x': 191.0, 'avg_gaze_y': -24.0, 'avg_pupil_size': 2.5}, {'event_type': 'MonocularEyeSampleEventNT', 'event_id': 1349, 'logged_time': 22.565024400031817, 'system_time': 22.581283400009852, 'gaze_x_left': 187.0, 'gaze_y_left': -14.0, 'gaze_x_right': None, 'gaze_y_right': None, 'pupil_left': 5, 'pupil_right': 0, 'avg_gaze_x': 187.0, 'avg_gaze_y': -14.0, 'avg_pupil_size': 2.5}, {'event_type': 'MonocularEyeSampleEventNT', 'event_id': 1350, 'logged_time': 22.585024400031816, 'system_time': 22.597468700027093, 'gaze_x_left': 181.0, 'gaze_y_left': -3.0, 'gaze_x_right': None, 'gaze_y_right': None, 'pupil_left': 5, 'pupil_right': 0, 'avg_gaze_x': 181.0, 'avg_gaze_y': -3.0, 'avg_pupil_size': 2.5}, {'event_type': 'MonocularEyeSampleEventNT', 'event_id': 1352, 'logged_time': 22.605024400031816, 'system_time': 22.611811300041154, 'gaze_x_left': 175.0, 'gaze_y_left': 6.0, 'gaze_x_right': None, 'gaze_y_right': None, 'pupil_left': 5, 'pupil_right': 0, 'avg_gaze_x': 175.0, 'avg_gaze_y': 6.0, 'avg_pupil_size': 2.5}, {'event_type': 'MonocularEyeSampleEventNT', 'event_id': 1354, 'logged_time': 22.625024400031815, 'system_time': 22.629005299997516, 'gaze_x_left': 171.0, 'gaze_y_left': 11.0, 'gaze_x_right': None, 'gaze_y_right': None, 'pupil_left': 5, 'pupil_right': 0, 'avg_gaze_x': 171.0, 'avg_gaze_y': 11.0, 'avg_pupil_size': 2.5}, {'event_type': 'MonocularEyeSampleEventNT', 'event_id': 1358, 'logged_time': 22.645024400031815, 'system_time': 22.660977000021376, 'gaze_x_left': 169.0, 'gaze_y_left': 16.0, 'gaze_x_right': None, 'gaze_y_right': None, 'pupil_left': 5, 'pupil_right': 0, 'avg_gaze_x': 169.0, 'avg_gaze_y': 16.0, 'avg_pupil_size': 2.5}, {'event_type': 'MonocularEyeSampleEventNT', 'event_id': 1359, 'logged_time': 22.665024400031815, 'system_time': 22.677330200036522, 'gaze_x_left': 169.0, 'gaze_y_left': 19.0, 'gaze_x_right': None, 'gaze_y_right': None, 'pupil_left': 5, 'pupil_right': 0, 'avg_gaze_x': 169.0, 'avg_gaze_y': 19.0, 'avg_pupil_size': 2.5}, {'event_type': 'MonocularEyeSampleEventNT', 'event_id': 1361, 'logged_time': 22.685024400031814, 'system_time': 22.692991300020367, 'gaze_x_left': 167.0, 'gaze_y_left': 24.0, 'gaze_x_right': None, 'gaze_y_right': None, 'pupil_left': 5, 'pupil_right': 0, 'avg_gaze_x': 167.0, 'avg_gaze_y': 24.0, 'avg_pupil_size': 2.5}, {'event_type': 'MonocularEyeSampleEventNT', 'event_id': 1363, 'logged_time': 22.705024400031814, 'system_time': 22.70960380003089, 'gaze_x_left': 167.0, 'gaze_y_left': 28.0, 'gaze_x_right': None, 'gaze_y_right': None, 'pupil_left': 5, 'pupil_right': 0, 'avg_gaze_x': 167.0, 'avg_gaze_y': 28.0, 'avg_pupil_size': 2.5}, {'event_type': 'MonocularEyeSampleEventNT', 'event_id': 1367, 'logged_time': 22.725024400031813, 'system_time': 22.74234650004655, 'gaze_x_left': 165.0, 'gaze_y_left': 34.0, 'gaze_x_right': None, 'gaze_y_right': None, 'pupil_left': 5, 'pupil_right': 0, 'avg_gaze_x': 165.0, 'avg_gaze_y': 34.0, 'avg_pupil_size': 2.5}, {'event_type': 'MonocularEyeSampleEventNT', 'event_id': 1368, 'logged_time': 22.745024400031813, 'system_time': 22.757198000035714, 'gaze_x_left': 165.0, 'gaze_y_left': 36.0, 'gaze_x_right': None, 'gaze_y_right': None, 'pupil_left': 5, 'pupil_right': 0, 'avg_gaze_x': 165.0, 'avg_gaze_y': 36.0, 'avg_pupil_size': 2.5}, {'event_type': 'MonocularEyeSampleEventNT', 'event_id': 1370, 'logged_time': 22.765024400031812, 'system_time': 22.77298890001839, 'gaze_x_left': 165.0, 'gaze_y_left': 41.0, 'gaze_x_right': None, 'gaze_y_right': None, 'pupil_left': 5, 'pupil_right': 0, 'avg_gaze_x': 165.0, 'avg_gaze_y': 41.0, 'avg_pupil_size': 2.5}, {'event_type': 'MonocularEyeSampleEventNT', 'event_id': 1372, 'logged_time': 22.785024400031812, 'system_time': 22.78868630004581, 'gaze_x_left': 165.0, 'gaze_y_left': 46.0, 'gaze_x_right': None, 'gaze_y_right': None, 'pupil_left': 5, 'pupil_right': 0, 'avg_gaze_x': 165.0, 'avg_gaze_y': 46.0, 'avg_pupil_size': 2.5}, {'event_type': 'MonocularEyeSampleEventNT', 'event_id': 1376, 'logged_time': 22.80502440003181, 'system_time': 22.820917600009125, 'gaze_x_left': 165.0, 'gaze_y_left': 55.0, 'gaze_x_right': None, 'gaze_y_right': None, 'pupil_left': 5, 'pupil_right': 0, 'avg_gaze_x': 165.0, 'avg_gaze_y': 55.0, 'avg_pupil_size': 2.5}, {'event_type': 'MonocularEyeSampleEventNT', 'event_id': 1377, 'logged_time': 22.82502440003181, 'system_time': 22.837070900015533, 'gaze_x_left': 166.0, 'gaze_y_left': 59.0, 'gaze_x_right': None, 'gaze_y_right': None, 'pupil_left': 5, 'pupil_right': 0, 'avg_gaze_x': 166.0, 'avg_gaze_y': 59.0, 'avg_pupil_size': 2.5}, {'event_type': 'MonocularEyeSampleEventNT', 'event_id': 1379, 'logged_time': 22.84502440003181, 'system_time': 22.851325099996757, 'gaze_x_left': 167.0, 'gaze_y_left': 61.0, 'gaze_x_right': None, 'gaze_y_right': None, 'pupil_left': 5, 'pupil_right': 0, 'avg_gaze_x': 167.0, 'avg_gaze_y': 61.0, 'avg_pupil_size': 2.5}, {'event_type': 'MonocularEyeSampleEventNT', 'event_id': 1381, 'logged_time': 22.86502440003181, 'system_time': 22.86910460004583, 'gaze_x_left': 170.0, 'gaze_y_left': 66.0, 'gaze_x_right': None, 'gaze_y_right': None, 'pupil_left': 5, 'pupil_right': 0, 'avg_gaze_x': 170.0, 'avg_gaze_y': 66.0, 'avg_pupil_size': 2.5}, {'event_type': 'MonocularEyeSampleEventNT', 'event_id': 1385, 'logged_time': 22.88502440003181, 'system_time': 22.900785800011363, 'gaze_x_left': 171.0, 'gaze_y_left': 73.0, 'gaze_x_right': None, 'gaze_y_right': None, 'pupil_left': 5, 'pupil_right': 0, 'avg_gaze_x': 171.0, 'avg_gaze_y': 73.0, 'avg_pupil_size': 2.5}, {'event_type': 'MonocularEyeSampleEventNT', 'event_id': 1386, 'logged_time': 22.90502440003181, 'system_time': 22.917117000033613, 'gaze_x_left': 171.0, 'gaze_y_left': 77.0, 'gaze_x_right': None, 'gaze_y_right': None, 'pupil_left': 5, 'pupil_right': 0, 'avg_gaze_x': 171.0, 'avg_gaze_y': 77.0, 'avg_pupil_size': 2.5}, {'event_type': 'MonocularEyeSampleEventNT', 'event_id': 1389, 'logged_time': 22.92502440003181, 'system_time': 22.931413000042085, 'gaze_x_left': 171.0, 'gaze_y_left': 79.0, 'gaze_x_right': None, 'gaze_y_right': None, 'pupil_left': 5, 'pupil_right': 0, 'avg_gaze_x': 171.0, 'avg_gaze_y': 79.0, 'avg_pupil_size': 2.5}, {'event_type': 'MonocularEyeSampleEventNT', 'event_id': 1390, 'logged_time': 22.94502440003181, 'system_time': 22.9487369999988, 'gaze_x_left': 171.0, 'gaze_y_left': 82.0, 'gaze_x_right': None, 'gaze_y_right': None, 'pupil_left': 5, 'pupil_right': 0, 'avg_gaze_x': 171.0, 'avg_gaze_y': 82.0, 'avg_pupil_size': 2.5}, {'event_type': 'MonocularEyeSampleEventNT', 'event_id': 1394, 'logged_time': 22.96502440003181, 'system_time': 22.980717900034506, 'gaze_x_left': 171.0, 'gaze_y_left': 84.0, 'gaze_x_right': None, 'gaze_y_right': None, 'pupil_left': 5, 'pupil_right': 0, 'avg_gaze_x': 171.0, 'avg_gaze_y': 84.0, 'avg_pupil_size': 2.5}, {'event_type': 'MonocularEyeSampleEventNT', 'event_id': 1395, 'logged_time': 22.985024400031808, 'system_time': 22.99659320001956, 'gaze_x_left': 171.0, 'gaze_y_left': 85.0, 'gaze_x_right': None, 'gaze_y_right': None, 'pupil_left': 5, 'pupil_right': 0, 'avg_gaze_x': 171.0, 'avg_gaze_y': 85.0, 'avg_pupil_size': 2.5}, {'event_type': 'MonocularEyeSampleEventNT', 'event_id': 1397, 'logged_time': 23.005024400031807, 'system_time': 23.013012900017202, 'gaze_x_left': 171.0, 'gaze_y_left': 86.0, 'gaze_x_right': None, 'gaze_y_right': None, 'pupil_left': 5, 'pupil_right': 0, 'avg_gaze_x': 171.0, 'avg_gaze_y': 86.0, 'avg_pupil_size': 2.5}, {'event_type': 'MonocularEyeSampleEventNT', 'event_id': 1399, 'logged_time': 23.025024400031807, 'system_time': 23.02796000003582, 'gaze_x_left': 171.0, 'gaze_y_left': 87.0, 'gaze_x_right': None, 'gaze_y_right': None, 'pupil_left': 5, 'pupil_right': 0, 'avg_gaze_x': 171.0, 'avg_gaze_y': 87.0, 'avg_pupil_size': 2.5}, {'event_type': 'MonocularEyeSampleEventNT', 'event_id': 1403, 'logged_time': 23.045024400031807, 'system_time': 23.060859000019263, 'gaze_x_left': 171.0, 'gaze_y_left': 89.0, 'gaze_x_right': None, 'gaze_y_right': None, 'pupil_left': 5, 'pupil_right': 0, 'avg_gaze_x': 171.0, 'avg_gaze_y': 89.0, 'avg_pupil_size': 2.5}, {'event_type': 'MonocularEyeSampleEventNT', 'event_id': 1404, 'logged_time': 23.065024400031806, 'system_time': 23.07772380003007, 'gaze_x_left': 171.0, 'gaze_y_left': 92.0, 'gaze_x_right': None, 'gaze_y_right': None, 'pupil_left': 5, 'pupil_right': 0, 'avg_gaze_x': 171.0, 'avg_gaze_y': 92.0, 'avg_pupil_size': 2.5}, {'event_type': 'MonocularEyeSampleEventNT', 'event_id': 1406, 'logged_time': 23.085024400031806, 'system_time': 23.092600600037258, 'gaze_x_left': 169.0, 'gaze_y_left': 95.0, 'gaze_x_right': None, 'gaze_y_right': None, 'pupil_left': 5, 'pupil_right': 0, 'avg_gaze_x': 169.0, 'avg_gaze_y': 95.0, 'avg_pupil_size': 2.5}, {'event_type': 'MonocularEyeSampleEventNT', 'event_id': 1408, 'logged_time': 23.105024400031805, 'system_time': 23.109495700045954, 'gaze_x_left': 167.0, 'gaze_y_left': 99.0, 'gaze_x_right': None, 'gaze_y_right': None, 'pupil_left': 5, 'pupil_right': 0, 'avg_gaze_x': 167.0, 'avg_gaze_y': 99.0, 'avg_pupil_size': 2.5}, {'event_type': 'MonocularEyeSampleEventNT', 'event_id': 1412, 'logged_time': 23.125024400031805, 'system_time': 23.13904070004355, 'gaze_x_left': 165.0, 'gaze_y_left': 103.0, 'gaze_x_right': None, 'gaze_y_right': None, 'pupil_left': 5, 'pupil_right': 0, 'avg_gaze_x': 165.0, 'avg_gaze_y': 103.0, 'avg_pupil_size': 2.5}, {'event_type': 'MonocularEyeSampleEventNT', 'event_id': 1413, 'logged_time': 23.145024400031804, 'system_time': 23.15510740003083, 'gaze_x_left': 165.0, 'gaze_y_left': 103.0, 'gaze_x_right': None, 'gaze_y_right': None, 'pupil_left': 5, 'pupil_right': 0, 'avg_gaze_x': 165.0, 'avg_gaze_y': 103.0, 'avg_pupil_size': 2.5}, {'event_type': 'MonocularEyeSampleEventNT', 'event_id': 1414, 'logged_time': 23.165024400031804, 'system_time': 23.171074700017925, 'gaze_x_left': 165.0, 'gaze_y_left': 103.0, 'gaze_x_right': None, 'gaze_y_right': None, 'pupil_left': 5, 'pupil_right': 0, 'avg_gaze_x': 165.0, 'avg_gaze_y': 103.0, 'avg_pupil_size': 2.5}, {'event_type': 'MonocularEyeSampleEventNT', 'event_id': 1415, 'logged_time': 23.185024400031804, 'system_time': 23.1870162000414, 'gaze_x_left': 165.0, 'gaze_y_left': 103.0, 'gaze_x_right': None, 'gaze_y_right': None, 'pupil_left': 5, 'pupil_right': 0, 'avg_gaze_x': 165.0, 'avg_gaze_y': 103.0, 'avg_pupil_size': 2.5}, {'event_type': 'MonocularEyeSampleEventNT', 'event_id': 1416, 'logged_time': 23.205024400031803, 'system_time': 23.219874700007495, 'gaze_x_left': 164.0, 'gaze_y_left': 103.0, 'gaze_x_right': None, 'gaze_y_right': None, 'pupil_left': 5, 'pupil_right': 0, 'avg_gaze_x': 164.0, 'avg_gaze_y': 103.0, 'avg_pupil_size': 2.5}, {'event_type': 'MonocularEyeSampleEventNT', 'event_id': 1418, 'logged_time': 23.225024400031803, 'system_time': 23.235881600005087, 'gaze_x_left': 164.0, 'gaze_y_left': 103.0, 'gaze_x_right': None, 'gaze_y_right': None, 'pupil_left': 5, 'pupil_right': 0, 'avg_gaze_x': 164.0, 'avg_gaze_y': 103.0, 'avg_pupil_size': 2.5}, {'event_type': 'MonocularEyeSampleEventNT', 'event_id': 1420, 'logged_time': 23.245024400031802, 'system_time': 23.25207730004331, 'gaze_x_left': 163.0, 'gaze_y_left': 102.0, 'gaze_x_right': None, 'gaze_y_right': None, 'pupil_left': 5, 'pupil_right': 0, 'avg_gaze_x': 163.0, 'avg_gaze_y': 102.0, 'avg_pupil_size': 2.5}, {'event_type': 'MonocularEyeSampleEventNT', 'event_id': 1422, 'logged_time': 23.265024400031802, 'system_time': 23.269629599992186, 'gaze_x_left': 161.0, 'gaze_y_left': 101.0, 'gaze_x_right': None, 'gaze_y_right': None, 'pupil_left': 5, 'pupil_right': 0, 'avg_gaze_x': 161.0, 'avg_gaze_y': 101.0, 'avg_pupil_size': 2.5}, {'event_type': 'MonocularEyeSampleEventNT', 'event_id': 1426, 'logged_time': 23.2850244000318, 'system_time': 23.301382500038017, 'gaze_x_left': 158.0, 'gaze_y_left': 98.0, 'gaze_x_right': None, 'gaze_y_right': None, 'pupil_left': 5, 'pupil_right': 0, 'avg_gaze_x': 158.0, 'avg_gaze_y': 98.0, 'avg_pupil_size': 2.5}, {'event_type': 'MonocularEyeSampleEventNT', 'event_id': 1427, 'logged_time': 23.3050244000318, 'system_time': 23.317692000011448, 'gaze_x_left': 155.0, 'gaze_y_left': 95.0, 'gaze_x_right': None, 'gaze_y_right': None, 'pupil_left': 5, 'pupil_right': 0, 'avg_gaze_x': 155.0, 'avg_gaze_y': 95.0, 'avg_pupil_size': 2.5}, {'event_type': 'MonocularEyeSampleEventNT', 'event_id': 1429, 'logged_time': 23.3250244000318, 'system_time': 23.333646100014448, 'gaze_x_left': 153.0, 'gaze_y_left': 92.0, 'gaze_x_right': None, 'gaze_y_right': None, 'pupil_left': 5, 'pupil_right': 0, 'avg_gaze_x': 153.0, 'avg_gaze_y': 92.0, 'avg_pupil_size': 2.5}, {'event_type': 'MonocularEyeSampleEventNT', 'event_id': 1431, 'logged_time': 23.3450244000318, 'system_time': 23.34998880000785, 'gaze_x_left': 152.0, 'gaze_y_left': 89.0, 'gaze_x_right': None, 'gaze_y_right': None, 'pupil_left': 5, 'pupil_right': 0, 'avg_gaze_x': 152.0, 'avg_gaze_y': 89.0, 'avg_pupil_size': 2.5}, {'event_type': 'MonocularEyeSampleEventNT', 'event_id': 1435, 'logged_time': 23.3650244000318, 'system_time': 23.381652200012468, 'gaze_x_left': 150.0, 'gaze_y_left': 86.0, 'gaze_x_right': None, 'gaze_y_right': None, 'pupil_left': 5, 'pupil_right': 0, 'avg_gaze_x': 150.0, 'avg_gaze_y': 86.0, 'avg_pupil_size': 2.5}, {'event_type': 'MonocularEyeSampleEventNT', 'event_id': 1436, 'logged_time': 23.3850244000318, 'system_time': 23.39787550002802, 'gaze_x_left': 150.0, 'gaze_y_left': 84.0, 'gaze_x_right': None, 'gaze_y_right': None, 'pupil_left': 5, 'pupil_right': 0, 'avg_gaze_x': 150.0, 'avg_gaze_y': 84.0, 'avg_pupil_size': 2.5}, {'event_type': 'MonocularEyeSampleEventNT', 'event_id': 1438, 'logged_time': 23.4050244000318, 'system_time': 23.413953600043897, 'gaze_x_left': 149.0, 'gaze_y_left': 82.0, 'gaze_x_right': None, 'gaze_y_right': None, 'pupil_left': 5, 'pupil_right': 0, 'avg_gaze_x': 149.0, 'avg_gaze_y': 82.0, 'avg_pupil_size': 2.5}, {'event_type': 'MonocularEyeSampleEventNT', 'event_id': 1440, 'logged_time': 23.4250244000318, 'system_time': 23.429468100017402, 'gaze_x_left': 148.0, 'gaze_y_left': 80.0, 'gaze_x_right': None, 'gaze_y_right': None, 'pupil_left': 5, 'pupil_right': 0, 'avg_gaze_x': 148.0, 'avg_gaze_y': 80.0, 'avg_pupil_size': 2.5}, {'event_type': 'MonocularEyeSampleEventNT', 'event_id': 1442, 'logged_time': 23.445024400031798, 'system_time': 23.446906400029548, 'gaze_x_left': 147.0, 'gaze_y_left': 78.0, 'gaze_x_right': None, 'gaze_y_right': None, 'pupil_left': 5, 'pupil_right': 0, 'avg_gaze_x': 147.0, 'avg_gaze_y': 78.0, 'avg_pupil_size': 2.5}, {'event_type': 'MonocularEyeSampleEventNT', 'event_id': 1446, 'logged_time': 23.465024400031798, 'system_time': 23.47833770001307, 'gaze_x_left': 146.0, 'gaze_y_left': 72.0, 'gaze_x_right': None, 'gaze_y_right': None, 'pupil_left': 5, 'pupil_right': 0, 'avg_gaze_x': 146.0, 'avg_gaze_y': 72.0, 'avg_pupil_size': 2.5}, {'event_type': 'MonocularEyeSampleEventNT', 'event_id': 1447, 'logged_time': 23.485024400031797, 'system_time': 23.494071000022814, 'gaze_x_left': 146.0, 'gaze_y_left': 70.0, 'gaze_x_right': None, 'gaze_y_right': None, 'pupil_left': 5, 'pupil_right': 0, 'avg_gaze_x': 146.0, 'avg_gaze_y': 70.0, 'avg_pupil_size': 2.5}, {'event_type': 'MonocularEyeSampleEventNT', 'event_id': 1449, 'logged_time': 23.505024400031797, 'system_time': 23.50963620003313, 'gaze_x_left': 146.0, 'gaze_y_left': 69.0, 'gaze_x_right': None, 'gaze_y_right': None, 'pupil_left': 5, 'pupil_right': 0, 'avg_gaze_x': 146.0, 'avg_gaze_y': 69.0, 'avg_pupil_size': 2.5}, {'event_type': 'MonocularEyeSampleEventNT', 'event_id': 1453, 'logged_time': 23.525024400031796, 'system_time': 23.541889600048307, 'gaze_x_left': 145.0, 'gaze_y_left': 66.0, 'gaze_x_right': None, 'gaze_y_right': None, 'pupil_left': 5, 'pupil_right': 0, 'avg_gaze_x': 145.0, 'avg_gaze_y': 66.0, 'avg_pupil_size': 2.5}, {'event_type': 'MonocularEyeSampleEventNT', 'event_id': 1454, 'logged_time': 23.545024400031796, 'system_time': 23.557706999999937, 'gaze_x_left': 145.0, 'gaze_y_left': 65.0, 'gaze_x_right': None, 'gaze_y_right': None, 'pupil_left': 5, 'pupil_right': 0, 'avg_gaze_x': 145.0, 'avg_gaze_y': 65.0, 'avg_pupil_size': 2.5}, {'event_type': 'MonocularEyeSampleEventNT', 'event_id': 1456, 'logged_time': 23.565024400031795, 'system_time': 23.574083400017116, 'gaze_x_left': 144.0, 'gaze_y_left': 63.0, 'gaze_x_right': None, 'gaze_y_right': None, 'pupil_left': 5, 'pupil_right': 0, 'avg_gaze_x': 144.0, 'avg_gaze_y': 63.0, 'avg_pupil_size': 2.5}, {'event_type': 'MonocularEyeSampleEventNT', 'event_id': 1458, 'logged_time': 23.585024400031795, 'system_time': 23.588830500026233, 'gaze_x_left': 143.0, 'gaze_y_left': 60.0, 'gaze_x_right': None, 'gaze_y_right': None, 'pupil_left': 5, 'pupil_right': 0, 'avg_gaze_x': 143.0, 'avg_gaze_y': 60.0, 'avg_pupil_size': 2.5}, {'event_type': 'MonocularEyeSampleEventNT', 'event_id': 1463, 'logged_time': 23.605024400031795, 'system_time': 23.61951400001999, 'gaze_x_left': 143.0, 'gaze_y_left': 57.0, 'gaze_x_right': None, 'gaze_y_right': None, 'pupil_left': 5, 'pupil_right': 0, 'avg_gaze_x': 143.0, 'avg_gaze_y': 57.0, 'avg_pupil_size': 2.5}, {'event_type': 'MonocularEyeSampleEventNT', 'event_id': 1465, 'logged_time': 23.625024400031794, 'system_time': 23.637372100027278, 'gaze_x_left': 142.0, 'gaze_y_left': 56.0, 'gaze_x_right': None, 'gaze_y_right': None, 'pupil_left': 5, 'pupil_right': 0, 'avg_gaze_x': 142.0, 'avg_gaze_y': 56.0, 'avg_pupil_size': 2.5}, {'event_type': 'MonocularEyeSampleEventNT', 'event_id': 1466, 'logged_time': 23.645024400031794, 'system_time': 23.652426699991338, 'gaze_x_left': 142.0, 'gaze_y_left': 55.0, 'gaze_x_right': None, 'gaze_y_right': None, 'pupil_left': 5, 'pupil_right': 0, 'avg_gaze_x': 142.0, 'avg_gaze_y': 55.0, 'avg_pupil_size': 2.5}, {'event_type': 'MonocularEyeSampleEventNT', 'event_id': 1468, 'logged_time': 23.665024400031793, 'system_time': 23.668990700040013, 'gaze_x_left': 142.0, 'gaze_y_left': 53.0, 'gaze_x_right': None, 'gaze_y_right': None, 'pupil_left': 5, 'pupil_right': 0, 'avg_gaze_x': 142.0, 'avg_gaze_y': 53.0, 'avg_pupil_size': 2.5}, {'event_type': 'MonocularEyeSampleEventNT', 'event_id': 1472, 'logged_time': 23.685024400031793, 'system_time': 23.700219499995, 'gaze_x_left': 140.0, 'gaze_y_left': 48.0, 'gaze_x_right': None, 'gaze_y_right': None, 'pupil_left': 5, 'pupil_right': 0, 'avg_gaze_x': 140.0, 'avg_gaze_y': 48.0, 'avg_pupil_size': 2.5}, {'event_type': 'MonocularEyeSampleEventNT', 'event_id': 1473, 'logged_time': 23.705024400031792, 'system_time': 23.716201900038868, 'gaze_x_left': 139.0, 'gaze_y_left': 46.0, 'gaze_x_right': None, 'gaze_y_right': None, 'pupil_left': 5, 'pupil_right': 0, 'avg_gaze_x': 139.0, 'avg_gaze_y': 46.0, 'avg_pupil_size': 2.5}, {'event_type': 'MonocularEyeSampleEventNT', 'event_id': 1475, 'logged_time': 23.725024400031792, 'system_time': 23.73247899999842, 'gaze_x_left': 139.0, 'gaze_y_left': 46.0, 'gaze_x_right': None, 'gaze_y_right': None, 'pupil_left': 5, 'pupil_right': 0, 'avg_gaze_x': 139.0, 'avg_gaze_y': 46.0, 'avg_pupil_size': 2.5}, {'event_type': 'MonocularEyeSampleEventNT', 'event_id': 1477, 'logged_time': 23.74502440003179, 'system_time': 23.748640000005253, 'gaze_x_left': 138.0, 'gaze_y_left': 45.0, 'gaze_x_right': None, 'gaze_y_right': None, 'pupil_left': 5, 'pupil_right': 0, 'avg_gaze_x': 138.0, 'avg_gaze_y': 45.0, 'avg_pupil_size': 2.5}, {'event_type': 'MonocularEyeSampleEventNT', 'event_id': 1481, 'logged_time': 23.76502440003179, 'system_time': 23.779919099994004, 'gaze_x_left': 137.0, 'gaze_y_left': 43.0, 'gaze_x_right': None, 'gaze_y_right': None, 'pupil_left': 5, 'pupil_right': 0, 'avg_gaze_x': 137.0, 'avg_gaze_y': 43.0, 'avg_pupil_size': 2.5}, {'event_type': 'MonocularEyeSampleEventNT', 'event_id': 1482, 'logged_time': 23.78502440003179, 'system_time': 23.796242300013546, 'gaze_x_left': 136.0, 'gaze_y_left': 42.0, 'gaze_x_right': None, 'gaze_y_right': None, 'pupil_left': 5, 'pupil_right': 0, 'avg_gaze_x': 136.0, 'avg_gaze_y': 42.0, 'avg_pupil_size': 2.5}, {'event_type': 'MonocularEyeSampleEventNT', 'event_id': 1484, 'logged_time': 23.80502440003179, 'system_time': 23.811570800025947, 'gaze_x_left': 136.0, 'gaze_y_left': 42.0, 'gaze_x_right': None, 'gaze_y_right': None, 'pupil_left': 5, 'pupil_right': 0, 'avg_gaze_x': 136.0, 'avg_gaze_y': 42.0, 'avg_pupil_size': 2.5}, {'event_type': 'MonocularEyeSampleEventNT', 'event_id': 1485, 'logged_time': 23.82502440003179, 'system_time': 23.827687400043942, 'gaze_x_left': 136.0, 'gaze_y_left': 42.0, 'gaze_x_right': None, 'gaze_y_right': None, 'pupil_left': 5, 'pupil_right': 0, 'avg_gaze_x': 136.0, 'avg_gaze_y': 42.0, 'avg_pupil_size': 2.5}, {'event_type': 'MonocularEyeSampleEventNT', 'event_id': 1486, 'logged_time': 23.84502440003179, 'system_time': 23.858817700005602, 'gaze_x_left': 136.0, 'gaze_y_left': 42.0, 'gaze_x_right': None, 'gaze_y_right': None, 'pupil_left': 5, 'pupil_right': 0, 'avg_gaze_x': 136.0, 'avg_gaze_y': 42.0, 'avg_pupil_size': 2.5}, {'event_type': 'MonocularEyeSampleEventNT', 'event_id': 1487, 'logged_time': 23.86502440003179, 'system_time': 23.875555800041184, 'gaze_x_left': 135.0, 'gaze_y_left': 42.0, 'gaze_x_right': None, 'gaze_y_right': None, 'pupil_left': 5, 'pupil_right': 0, 'avg_gaze_x': 135.0, 'avg_gaze_y': 42.0, 'avg_pupil_size': 2.5}, {'event_type': 'MonocularEyeSampleEventNT', 'event_id': 1489, 'logged_time': 23.88502440003179, 'system_time': 23.89236300002085, 'gaze_x_left': 134.0, 'gaze_y_left': 41.0, 'gaze_x_right': None, 'gaze_y_right': None, 'pupil_left': 5, 'pupil_right': 0, 'avg_gaze_x': 134.0, 'avg_gaze_y': 41.0, 'avg_pupil_size': 2.5}, {'event_type': 'MonocularEyeSampleEventNT', 'event_id': 1491, 'logged_time': 23.905024400031788, 'system_time': 23.908978999999817, 'gaze_x_left': 131.0, 'gaze_y_left': 40.0, 'gaze_x_right': None, 'gaze_y_right': None, 'pupil_left': 5, 'pupil_right': 0, 'avg_gaze_x': 131.0, 'avg_gaze_y': 40.0, 'avg_pupil_size': 2.5}, {'event_type': 'MonocularEyeSampleEventNT', 'event_id': 1493, 'logged_time': 23.925024400031788, 'system_time': 23.94045140000526, 'gaze_x_left': 131.0, 'gaze_y_left': 40.0, 'gaze_x_right': None, 'gaze_y_right': None, 'pupil_left': 5, 'pupil_right': 0, 'avg_gaze_x': 131.0, 'avg_gaze_y': 40.0, 'avg_pupil_size': 2.5}, {'event_type': 'MonocularEyeSampleEventNT', 'event_id': 1494, 'logged_time': 23.945024400031787, 'system_time': 23.955570099991746, 'gaze_x_left': 131.0, 'gaze_y_left': 40.0, 'gaze_x_right': None, 'gaze_y_right': None, 'pupil_left': 5, 'pupil_right': 0, 'avg_gaze_x': 131.0, 'avg_gaze_y': 40.0, 'avg_pupil_size': 2.5}, {'event_type': 'MonocularEyeSampleEventNT', 'event_id': 1495, 'logged_time': 23.965024400031787, 'system_time': 23.97282320004888, 'gaze_x_left': 131.0, 'gaze_y_left': 39.0, 'gaze_x_right': None, 'gaze_y_right': None, 'pupil_left': 5, 'pupil_right': 0, 'avg_gaze_x': 131.0, 'avg_gaze_y': 39.0, 'avg_pupil_size': 2.5}, {'event_type': 'MonocularEyeSampleEventNT', 'event_id': 1497, 'logged_time': 23.985024400031786, 'system_time': 23.988939000002574, 'gaze_x_left': 131.0, 'gaze_y_left': 39.0, 'gaze_x_right': None, 'gaze_y_right': None, 'pupil_left': 5, 'pupil_right': 0, 'avg_gaze_x': 131.0, 'avg_gaze_y': 39.0, 'avg_pupil_size': 2.5}, {'event_type': 'MonocularEyeSampleEventNT', 'event_id': 1500, 'logged_time': 24.005024400031786, 'system_time': 24.021041900035925, 'gaze_x_left': 130.0, 'gaze_y_left': 39.0, 'gaze_x_right': None, 'gaze_y_right': None, 'pupil_left': 5, 'pupil_right': 0, 'avg_gaze_x': 130.0, 'avg_gaze_y': 39.0, 'avg_pupil_size': 2.5}, {'event_type': 'MonocularEyeSampleEventNT', 'event_id': 1501, 'logged_time': 24.025024400031786, 'system_time': 24.037287400045898, 'gaze_x_left': 129.0, 'gaze_y_left': 39.0, 'gaze_x_right': None, 'gaze_y_right': None, 'pupil_left': 5, 'pupil_right': 0, 'avg_gaze_x': 129.0, 'avg_gaze_y': 39.0, 'avg_pupil_size': 2.5}, {'event_type': 'MonocularEyeSampleEventNT', 'event_id': 1503, 'logged_time': 24.045024400031785, 'system_time': 24.05230580002535, 'gaze_x_left': 129.0, 'gaze_y_left': 39.0, 'gaze_x_right': None, 'gaze_y_right': None, 'pupil_left': 5, 'pupil_right': 0, 'avg_gaze_x': 129.0, 'avg_gaze_y': 39.0, 'avg_pupil_size': 2.5}, {'event_type': 'MonocularEyeSampleEventNT', 'event_id': 1505, 'logged_time': 24.065024400031785, 'system_time': 24.06922200002009, 'gaze_x_left': 128.0, 'gaze_y_left': 41.0, 'gaze_x_right': None, 'gaze_y_right': None, 'pupil_left': 5, 'pupil_right': 0, 'avg_gaze_x': 128.0, 'avg_gaze_y': 41.0, 'avg_pupil_size': 2.5}, {'event_type': 'MonocularEyeSampleEventNT', 'event_id': 1510, 'logged_time': 24.085024400031784, 'system_time': 24.101119099999778, 'gaze_x_left': 121.0, 'gaze_y_left': 47.0, 'gaze_x_right': None, 'gaze_y_right': None, 'pupil_left': 5, 'pupil_right': 0, 'avg_gaze_x': 121.0, 'avg_gaze_y': 47.0, 'avg_pupil_size': 2.5}, {'event_type': 'MonocularEyeSampleEventNT', 'event_id': 1511, 'logged_time': 24.105024400031784, 'system_time': 24.116393200005405, 'gaze_x_left': 114.0, 'gaze_y_left': 53.0, 'gaze_x_right': None, 'gaze_y_right': None, 'pupil_left': 5, 'pupil_right': 0, 'avg_gaze_x': 114.0, 'avg_gaze_y': 53.0, 'avg_pupil_size': 2.5}, {'event_type': 'MonocularEyeSampleEventNT', 'event_id': 1514, 'logged_time': 24.125024400031784, 'system_time': 24.131639200029895, 'gaze_x_left': 111.0, 'gaze_y_left': 56.0, 'gaze_x_right': None, 'gaze_y_right': None, 'pupil_left': 5, 'pupil_right': 0, 'avg_gaze_x': 111.0, 'avg_gaze_y': 56.0, 'avg_pupil_size': 2.5}, {'event_type': 'MonocularEyeSampleEventNT', 'event_id': 1516, 'logged_time': 24.145024400031783, 'system_time': 24.147249300032854, 'gaze_x_left': 108.0, 'gaze_y_left': 58.0, 'gaze_x_right': None, 'gaze_y_right': None, 'pupil_left': 5, 'pupil_right': 0, 'avg_gaze_x': 108.0, 'avg_gaze_y': 58.0, 'avg_pupil_size': 2.5}, {'event_type': 'MonocularEyeSampleEventNT', 'event_id': 1520, 'logged_time': 24.165024400031783, 'system_time': 24.17998420004733, 'gaze_x_left': 105.0, 'gaze_y_left': 59.0, 'gaze_x_right': None, 'gaze_y_right': None, 'pupil_left': 5, 'pupil_right': 0, 'avg_gaze_x': 105.0, 'avg_gaze_y': 59.0, 'avg_pupil_size': 2.5}, {'event_type': 'MonocularEyeSampleEventNT', 'event_id': 1521, 'logged_time': 24.185024400031782, 'system_time': 24.195443800010253, 'gaze_x_left': 104.0, 'gaze_y_left': 60.0, 'gaze_x_right': None, 'gaze_y_right': None, 'pupil_left': 5, 'pupil_right': 0, 'avg_gaze_x': 104.0, 'avg_gaze_y': 60.0, 'avg_pupil_size': 2.5}, {'event_type': 'MonocularEyeSampleEventNT', 'event_id': 1523, 'logged_time': 24.205024400031782, 'system_time': 24.212296100042295, 'gaze_x_left': 103.0, 'gaze_y_left': 61.0, 'gaze_x_right': None, 'gaze_y_right': None, 'pupil_left': 5, 'pupil_right': 0, 'avg_gaze_x': 103.0, 'avg_gaze_y': 61.0, 'avg_pupil_size': 2.5}, {'event_type': 'MonocularEyeSampleEventNT', 'event_id': 1525, 'logged_time': 24.22502440003178, 'system_time': 24.229551500000525, 'gaze_x_left': 102.0, 'gaze_y_left': 61.0, 'gaze_x_right': None, 'gaze_y_right': None, 'pupil_left': 5, 'pupil_right': 0, 'avg_gaze_x': 102.0, 'avg_gaze_y': 61.0, 'avg_pupil_size': 2.5}, {'event_type': 'MonocularEyeSampleEventNT', 'event_id': 1531, 'logged_time': 24.24502440003178, 'system_time': 24.261316900025122, 'gaze_x_left': 99.0, 'gaze_y_left': 61.0, 'gaze_x_right': None, 'gaze_y_right': None, 'pupil_left': 5, 'pupil_right': 0, 'avg_gaze_x': 99.0, 'avg_gaze_y': 61.0, 'avg_pupil_size': 2.5}, {'event_type': 'MonocularEyeSampleEventNT', 'event_id': 1532, 'logged_time': 24.26502440003178, 'system_time': 24.276877700001933, 'gaze_x_left': 98.0, 'gaze_y_left': 61.0, 'gaze_x_right': None, 'gaze_y_right': None, 'pupil_left': 5, 'pupil_right': 0, 'avg_gaze_x': 98.0, 'avg_gaze_y': 61.0, 'avg_pupil_size': 2.5}, {'event_type': 'MonocularEyeSampleEventNT', 'event_id': 1535, 'logged_time': 24.28502440003178, 'system_time': 24.2931641000323, 'gaze_x_left': 97.0, 'gaze_y_left': 61.0, 'gaze_x_right': None, 'gaze_y_right': None, 'pupil_left': 5, 'pupil_right': 0, 'avg_gaze_x': 97.0, 'avg_gaze_y': 61.0, 'avg_pupil_size': 2.5}, {'event_type': 'MonocularEyeSampleEventNT', 'event_id': 1536, 'logged_time': 24.30502440003178, 'system_time': 24.309072100033518, 'gaze_x_left': 96.0, 'gaze_y_left': 62.0, 'gaze_x_right': None, 'gaze_y_right': None, 'pupil_left': 5, 'pupil_right': 0, 'avg_gaze_x': 96.0, 'avg_gaze_y': 62.0, 'avg_pupil_size': 2.5}, {'event_type': 'MonocularEyeSampleEventNT', 'event_id': 1540, 'logged_time': 24.32502440003178, 'system_time': 24.341493700048886, 'gaze_x_left': 94.0, 'gaze_y_left': 62.0, 'gaze_x_right': None, 'gaze_y_right': None, 'pupil_left': 5, 'pupil_right': 0, 'avg_gaze_x': 94.0, 'avg_gaze_y': 62.0, 'avg_pupil_size': 2.5}, {'event_type': 'MonocularEyeSampleEventNT', 'event_id': 1542, 'logged_time': 24.34502440003178, 'system_time': 24.356833300029393, 'gaze_x_left': 93.0, 'gaze_y_left': 62.0, 'gaze_x_right': None, 'gaze_y_right': None, 'pupil_left': 5, 'pupil_right': 0, 'avg_gaze_x': 93.0, 'avg_gaze_y': 62.0, 'avg_pupil_size': 2.5}, {'event_type': 'MonocularEyeSampleEventNT', 'event_id': 1544, 'logged_time': 24.36502440003178, 'system_time': 24.373015200020745, 'gaze_x_left': 93.0, 'gaze_y_left': 63.0, 'gaze_x_right': None, 'gaze_y_right': None, 'pupil_left': 5, 'pupil_right': 0, 'avg_gaze_x': 93.0, 'avg_gaze_y': 63.0, 'avg_pupil_size': 2.5}, {'event_type': 'MonocularEyeSampleEventNT', 'event_id': 1546, 'logged_time': 24.385024400031778, 'system_time': 24.389556200010702, 'gaze_x_left': 91.0, 'gaze_y_left': 64.0, 'gaze_x_right': None, 'gaze_y_right': None, 'pupil_left': 5, 'pupil_right': 0, 'avg_gaze_x': 91.0, 'avg_gaze_y': 64.0, 'avg_pupil_size': 2.5}, {'event_type': 'MonocularEyeSampleEventNT', 'event_id': 1550, 'logged_time': 24.405024400031778, 'system_time': 24.421080800006166, 'gaze_x_left': 91.0, 'gaze_y_left': 65.0, 'gaze_x_right': None, 'gaze_y_right': None, 'pupil_left': 5, 'pupil_right': 0, 'avg_gaze_x': 91.0, 'avg_gaze_y': 65.0, 'avg_pupil_size': 2.5}, {'event_type': 'MonocularEyeSampleEventNT', 'event_id': 1551, 'logged_time': 24.425024400031777, 'system_time': 24.437168500036933, 'gaze_x_left': 90.0, 'gaze_y_left': 65.0, 'gaze_x_right': None, 'gaze_y_right': None, 'pupil_left': 5, 'pupil_right': 0, 'avg_gaze_x': 90.0, 'avg_gaze_y': 65.0, 'avg_pupil_size': 2.5}, {'event_type': 'MonocularEyeSampleEventNT', 'event_id': 1553, 'logged_time': 24.445024400031777, 'system_time': 24.45195950003108, 'gaze_x_left': 90.0, 'gaze_y_left': 65.0, 'gaze_x_right': None, 'gaze_y_right': None, 'pupil_left': 5, 'pupil_right': 0, 'avg_gaze_x': 90.0, 'avg_gaze_y': 65.0, 'avg_pupil_size': 2.5}, {'event_type': 'MonocularEyeSampleEventNT', 'event_id': 1555, 'logged_time': 24.465024400031776, 'system_time': 24.46820810000645, 'gaze_x_left': 90.0, 'gaze_y_left': 65.0, 'gaze_x_right': None, 'gaze_y_right': None, 'pupil_left': 5, 'pupil_right': 0, 'avg_gaze_x': 90.0, 'avg_gaze_y': 65.0, 'avg_pupil_size': 2.5}, {'event_type': 'MonocularEyeSampleEventNT', 'event_id': 1559, 'logged_time': 24.485024400031776, 'system_time': 24.50041949999286, 'gaze_x_left': 89.0, 'gaze_y_left': 66.0, 'gaze_x_right': None, 'gaze_y_right': None, 'pupil_left': 5, 'pupil_right': 0, 'avg_gaze_x': 89.0, 'avg_gaze_y': 66.0, 'avg_pupil_size': 2.5}, {'event_type': 'MonocularEyeSampleEventNT', 'event_id': 1560, 'logged_time': 24.505024400031775, 'system_time': 24.516691700031515, 'gaze_x_left': 88.0, 'gaze_y_left': 67.0, 'gaze_x_right': None, 'gaze_y_right': None, 'pupil_left': 5, 'pupil_right': 0, 'avg_gaze_x': 88.0, 'avg_gaze_y': 67.0, 'avg_pupil_size': 2.5}, {'event_type': 'MonocularEyeSampleEventNT', 'event_id': 1562, 'logged_time': 24.525024400031775, 'system_time': 24.53240900003584, 'gaze_x_left': 87.0, 'gaze_y_left': 68.0, 'gaze_x_right': None, 'gaze_y_right': None, 'pupil_left': 5, 'pupil_right': 0, 'avg_gaze_x': 87.0, 'avg_gaze_y': 68.0, 'avg_pupil_size': 2.5}, {'event_type': 'MonocularEyeSampleEventNT', 'event_id': 1564, 'logged_time': 24.545024400031775, 'system_time': 24.547469300043304, 'gaze_x_left': 87.0, 'gaze_y_left': 68.0, 'gaze_x_right': None, 'gaze_y_right': None, 'pupil_left': 5, 'pupil_right': 0, 'avg_gaze_x': 87.0, 'avg_gaze_y': 68.0, 'avg_pupil_size': 2.5}, {'event_type': 'MonocularEyeSampleEventNT', 'event_id': 1565, 'logged_time': 24.565024400031774, 'system_time': 24.580781500029843, 'gaze_x_left': 87.0, 'gaze_y_left': 68.0, 'gaze_x_right': None, 'gaze_y_right': None, 'pupil_left': 5, 'pupil_right': 0, 'avg_gaze_x': 87.0, 'avg_gaze_y': 68.0, 'avg_pupil_size': 2.5}, {'event_type': 'MonocularEyeSampleEventNT', 'event_id': 1566, 'logged_time': 24.585024400031774, 'system_time': 24.595899500011, 'gaze_x_left': 87.0, 'gaze_y_left': 68.0, 'gaze_x_right': None, 'gaze_y_right': None, 'pupil_left': 5, 'pupil_right': 0, 'avg_gaze_x': 87.0, 'avg_gaze_y': 68.0, 'avg_pupil_size': 2.5}, {'event_type': 'MonocularEyeSampleEventNT', 'event_id': 1567, 'logged_time': 24.605024400031773, 'system_time': 24.6120611000224, 'gaze_x_left': 87.0, 'gaze_y_left': 68.0, 'gaze_x_right': None, 'gaze_y_right': None, 'pupil_left': 5, 'pupil_right': 0, 'avg_gaze_x': 87.0, 'avg_gaze_y': 68.0, 'avg_pupil_size': 2.5}, {'event_type': 'MonocularEyeSampleEventNT', 'event_id': 1568, 'logged_time': 24.625024400031773, 'system_time': 24.626556800038088, 'gaze_x_left': 87.0, 'gaze_y_left': 68.0, 'gaze_x_right': None, 'gaze_y_right': None, 'pupil_left': 5, 'pupil_right': 0, 'avg_gaze_x': 87.0, 'avg_gaze_y': 68.0, 'avg_pupil_size': 2.5}, {'event_type': 'MonocularEyeSampleEventNT', 'event_id': 1572, 'logged_time': 24.645024400031772, 'system_time': 24.65925080003217, 'gaze_x_left': 86.0, 'gaze_y_left': 65.0, 'gaze_x_right': None, 'gaze_y_right': None, 'pupil_left': 5, 'pupil_right': 0, 'avg_gaze_x': 86.0, 'avg_gaze_y': 65.0, 'avg_pupil_size': 2.5}, {'event_type': 'MonocularEyeSampleEventNT', 'event_id': 1573, 'logged_time': 24.665024400031772, 'system_time': 24.675271500018425, 'gaze_x_left': 84.0, 'gaze_y_left': 62.0, 'gaze_x_right': None, 'gaze_y_right': None, 'pupil_left': 5, 'pupil_right': 0, 'avg_gaze_x': 84.0, 'avg_gaze_y': 62.0, 'avg_pupil_size': 2.5}, {'event_type': 'MonocularEyeSampleEventNT', 'event_id': 1575, 'logged_time': 24.68502440003177, 'system_time': 24.69175630004611, 'gaze_x_left': 83.0, 'gaze_y_left': 58.0, 'gaze_x_right': None, 'gaze_y_right': None, 'pupil_left': 5, 'pupil_right': 0, 'avg_gaze_x': 83.0, 'avg_gaze_y': 58.0, 'avg_pupil_size': 2.5}, {'event_type': 'MonocularEyeSampleEventNT', 'event_id': 1577, 'logged_time': 24.70502440003177, 'system_time': 24.70641790004447, 'gaze_x_left': 82.0, 'gaze_y_left': 54.0, 'gaze_x_right': None, 'gaze_y_right': None, 'pupil_left': 5, 'pupil_right': 0, 'avg_gaze_x': 82.0, 'avg_gaze_y': 54.0, 'avg_pupil_size': 2.5}, {'event_type': 'MonocularEyeSampleEventNT', 'event_id': 1581, 'logged_time': 24.72502440003177, 'system_time': 24.73954770003911, 'gaze_x_left': 80.0, 'gaze_y_left': 42.0, 'gaze_x_right': None, 'gaze_y_right': None, 'pupil_left': 5, 'pupil_right': 0, 'avg_gaze_x': 80.0, 'avg_gaze_y': 42.0, 'avg_pupil_size': 2.5}, {'event_type': 'MonocularEyeSampleEventNT', 'event_id': 1582, 'logged_time': 24.74502440003177, 'system_time': 24.75495160004357, 'gaze_x_left': 80.0, 'gaze_y_left': 39.0, 'gaze_x_right': None, 'gaze_y_right': None, 'pupil_left': 5, 'pupil_right': 0, 'avg_gaze_x': 80.0, 'avg_gaze_y': 39.0, 'avg_pupil_size': 2.5}, {'event_type': 'MonocularEyeSampleEventNT', 'event_id': 1584, 'logged_time': 24.76502440003177, 'system_time': 24.770461500040255, 'gaze_x_left': 80.0, 'gaze_y_left': 35.0, 'gaze_x_right': None, 'gaze_y_right': None, 'pupil_left': 5, 'pupil_right': 0, 'avg_gaze_x': 80.0, 'avg_gaze_y': 35.0, 'avg_pupil_size': 2.5}, {'event_type': 'MonocularEyeSampleEventNT', 'event_id': 1586, 'logged_time': 24.78502440003177, 'system_time': 24.787175600009505, 'gaze_x_left': 80.0, 'gaze_y_left': 33.0, 'gaze_x_right': None, 'gaze_y_right': None, 'pupil_left': 5, 'pupil_right': 0, 'avg_gaze_x': 80.0, 'avg_gaze_y': 33.0, 'avg_pupil_size': 2.5}, {'event_type': 'MonocularEyeSampleEventNT', 'event_id': 1590, 'logged_time': 24.80502440003177, 'system_time': 24.81888279999839, 'gaze_x_left': 80.0, 'gaze_y_left': 31.0, 'gaze_x_right': None, 'gaze_y_right': None, 'pupil_left': 5, 'pupil_right': 0, 'avg_gaze_x': 80.0, 'avg_gaze_y': 31.0, 'avg_pupil_size': 2.5}, {'event_type': 'MonocularEyeSampleEventNT', 'event_id': 1591, 'logged_time': 24.82502440003177, 'system_time': 24.83500370004913, 'gaze_x_left': 79.0, 'gaze_y_left': 28.0, 'gaze_x_right': None, 'gaze_y_right': None, 'pupil_left': 5, 'pupil_right': 0, 'avg_gaze_x': 79.0, 'avg_gaze_y': 28.0, 'avg_pupil_size': 2.5}, {'event_type': 'MonocularEyeSampleEventNT', 'event_id': 1593, 'logged_time': 24.845024400031768, 'system_time': 24.851312700018752, 'gaze_x_left': 79.0, 'gaze_y_left': 25.0, 'gaze_x_right': None, 'gaze_y_right': None, 'pupil_left': 5, 'pupil_right': 0, 'avg_gaze_x': 79.0, 'avg_gaze_y': 25.0, 'avg_pupil_size': 2.5}, {'event_type': 'MonocularEyeSampleEventNT', 'event_id': 1598, 'logged_time': 24.865024400031768, 'system_time': 24.880510000046343, 'gaze_x_left': 77.0, 'gaze_y_left': 21.0, 'gaze_x_right': None, 'gaze_y_right': None, 'pupil_left': 5, 'pupil_right': 0, 'avg_gaze_x': 77.0, 'avg_gaze_y': 21.0, 'avg_pupil_size': 2.5}, {'event_type': 'MonocularEyeSampleEventNT', 'event_id': 1599, 'logged_time': 24.885024400031767, 'system_time': 24.896322200016584, 'gaze_x_left': 76.0, 'gaze_y_left': 19.0, 'gaze_x_right': None, 'gaze_y_right': None, 'pupil_left': 5, 'pupil_right': 0, 'avg_gaze_x': 76.0, 'avg_gaze_y': 19.0, 'avg_pupil_size': 2.5}, {'event_type': 'MonocularEyeSampleEventNT', 'event_id': 1602, 'logged_time': 24.905024400031767, 'system_time': 24.911633900017478, 'gaze_x_left': 76.0, 'gaze_y_left': 15.0, 'gaze_x_right': None, 'gaze_y_right': None, 'pupil_left': 5, 'pupil_right': 0, 'avg_gaze_x': 76.0, 'avg_gaze_y': 15.0, 'avg_pupil_size': 2.5}, {'event_type': 'MonocularEyeSampleEventNT', 'event_id': 1603, 'logged_time': 24.925024400031766, 'system_time': 24.927231200039387, 'gaze_x_left': 75.0, 'gaze_y_left': 13.0, 'gaze_x_right': None, 'gaze_y_right': None, 'pupil_left': 5, 'pupil_right': 0, 'avg_gaze_x': 75.0, 'avg_gaze_y': 13.0, 'avg_pupil_size': 2.5}, {'event_type': 'MonocularEyeSampleEventNT', 'event_id': 1607, 'logged_time': 24.945024400031766, 'system_time': 24.960369700042065, 'gaze_x_left': 75.0, 'gaze_y_left': 7.0, 'gaze_x_right': None, 'gaze_y_right': None, 'pupil_left': 5, 'pupil_right': 0, 'avg_gaze_x': 75.0, 'avg_gaze_y': 7.0, 'avg_pupil_size': 2.5}, {'event_type': 'MonocularEyeSampleEventNT', 'event_id': 1610, 'logged_time': 24.965024400031766, 'system_time': 24.97499690001132, 'gaze_x_left': 74.0, 'gaze_y_left': 5.0, 'gaze_x_right': None, 'gaze_y_right': None, 'pupil_left': 5, 'pupil_right': 0, 'avg_gaze_x': 74.0, 'avg_gaze_y': 5.0, 'avg_pupil_size': 2.5}, {'event_type': 'MonocularEyeSampleEventNT', 'event_id': 1612, 'logged_time': 24.985024400031765, 'system_time': 24.99167060002219, 'gaze_x_left': 73.0, 'gaze_y_left': 4.0, 'gaze_x_right': None, 'gaze_y_right': None, 'pupil_left': 5, 'pupil_right': 0, 'avg_gaze_x': 73.0, 'avg_gaze_y': 4.0, 'avg_pupil_size': 2.5}, {'event_type': 'MonocularEyeSampleEventNT', 'event_id': 1613, 'logged_time': 25.005024400031765, 'system_time': 25.007679800037295, 'gaze_x_left': 73.0, 'gaze_y_left': 3.0, 'gaze_x_right': None, 'gaze_y_right': None, 'pupil_left': 5, 'pupil_right': 0, 'avg_gaze_x': 73.0, 'avg_gaze_y': 3.0, 'avg_pupil_size': 2.5}, {'event_type': 'MonocularEyeSampleEventNT', 'event_id': 1618, 'logged_time': 25.025024400031764, 'system_time': 25.040170899999794, 'gaze_x_left': 72.0, 'gaze_y_left': -2.0, 'gaze_x_right': None, 'gaze_y_right': None, 'pupil_left': 5, 'pupil_right': 0, 'avg_gaze_x': 72.0, 'avg_gaze_y': -2.0, 'avg_pupil_size': 2.5}, {'event_type': 'MonocularEyeSampleEventNT', 'event_id': 1619, 'logged_time': 25.045024400031764, 'system_time': 25.055810799996834, 'gaze_x_left': 71.0, 'gaze_y_left': -4.0, 'gaze_x_right': None, 'gaze_y_right': None, 'pupil_left': 5, 'pupil_right': 0, 'avg_gaze_x': 71.0, 'avg_gaze_y': -4.0, 'avg_pupil_size': 2.5}, {'event_type': 'MonocularEyeSampleEventNT', 'event_id': 1621, 'logged_time': 25.065024400031763, 'system_time': 25.071335200045723, 'gaze_x_left': 70.0, 'gaze_y_left': -5.0, 'gaze_x_right': None, 'gaze_y_right': None, 'pupil_left': 5, 'pupil_right': 0, 'avg_gaze_x': 70.0, 'avg_gaze_y': -5.0, 'avg_pupil_size': 2.5}, {'event_type': 'MonocularEyeSampleEventNT', 'event_id': 1623, 'logged_time': 25.085024400031763, 'system_time': 25.08652960002655, 'gaze_x_left': 70.0, 'gaze_y_left': -8.0, 'gaze_x_right': None, 'gaze_y_right': None, 'pupil_left': 5, 'pupil_right': 0, 'avg_gaze_x': 70.0, 'avg_gaze_y': -8.0, 'avg_pupil_size': 2.5}, {'event_type': 'MonocularEyeSampleEventNT', 'event_id': 1627, 'logged_time': 25.105024400031763, 'system_time': 25.11840110004414, 'gaze_x_left': 69.0, 'gaze_y_left': -11.0, 'gaze_x_right': None, 'gaze_y_right': None, 'pupil_left': 5, 'pupil_right': 0, 'avg_gaze_x': 69.0, 'avg_gaze_y': -11.0, 'avg_pupil_size': 2.5}, {'event_type': 'MonocularEyeSampleEventNT', 'event_id': 1628, 'logged_time': 25.125024400031762, 'system_time': 25.13410180003848, 'gaze_x_left': 69.0, 'gaze_y_left': -12.0, 'gaze_x_right': None, 'gaze_y_right': None, 'pupil_left': 5, 'pupil_right': 0, 'avg_gaze_x': 69.0, 'avg_gaze_y': -12.0, 'avg_pupil_size': 2.5}, {'event_type': 'MonocularEyeSampleEventNT', 'event_id': 1630, 'logged_time': 25.14502440003176, 'system_time': 25.15049910004018, 'gaze_x_left': 69.0, 'gaze_y_left': -13.0, 'gaze_x_right': None, 'gaze_y_right': None, 'pupil_left': 5, 'pupil_right': 0, 'avg_gaze_x': 69.0, 'avg_gaze_y': -13.0, 'avg_pupil_size': 2.5}, {'event_type': 'MonocularEyeSampleEventNT', 'event_id': 1632, 'logged_time': 25.16502440003176, 'system_time': 25.16675660002511, 'gaze_x_left': 69.0, 'gaze_y_left': -14.0, 'gaze_x_right': None, 'gaze_y_right': None, 'pupil_left': 5, 'pupil_right': 0, 'avg_gaze_x': 69.0, 'avg_gaze_y': -14.0, 'avg_pupil_size': 2.5}, {'event_type': 'MonocularEyeSampleEventNT', 'event_id': 1636, 'logged_time': 25.18502440003176, 'system_time': 25.200873400026467, 'gaze_x_left': 68.0, 'gaze_y_left': -16.0, 'gaze_x_right': None, 'gaze_y_right': None, 'pupil_left': 5, 'pupil_right': 0, 'avg_gaze_x': 68.0, 'avg_gaze_y': -16.0, 'avg_pupil_size': 2.5}, {'event_type': 'MonocularEyeSampleEventNT', 'event_id': 1637, 'logged_time': 25.20502440003176, 'system_time': 25.214075200026855, 'gaze_x_left': 69.0, 'gaze_y_left': -17.0, 'gaze_x_right': None, 'gaze_y_right': None, 'pupil_left': 5, 'pupil_right': 0, 'avg_gaze_x': 69.0, 'avg_gaze_y': -17.0, 'avg_pupil_size': 2.5}, {'event_type': 'MonocularEyeSampleEventNT', 'event_id': 1640, 'logged_time': 25.22502440003176, 'system_time': 25.231465800025035, 'gaze_x_left': 69.0, 'gaze_y_left': -18.0, 'gaze_x_right': None, 'gaze_y_right': None, 'pupil_left': 5, 'pupil_right': 0, 'avg_gaze_x': 69.0, 'avg_gaze_y': -18.0, 'avg_pupil_size': 2.5}, {'event_type': 'MonocularEyeSampleEventNT', 'event_id': 1642, 'logged_time': 25.24502440003176, 'system_time': 25.248119700001553, 'gaze_x_left': 69.0, 'gaze_y_left': -18.0, 'gaze_x_right': None, 'gaze_y_right': None, 'pupil_left': 5, 'pupil_right': 0, 'avg_gaze_x': 69.0, 'avg_gaze_y': -18.0, 'avg_pupil_size': 2.5}, {'event_type': 'MonocularEyeSampleEventNT', 'event_id': 1646, 'logged_time': 25.26502440003176, 'system_time': 25.280557700025383, 'gaze_x_left': 71.0, 'gaze_y_left': -19.0, 'gaze_x_right': None, 'gaze_y_right': None, 'pupil_left': 5, 'pupil_right': 0, 'avg_gaze_x': 71.0, 'avg_gaze_y': -19.0, 'avg_pupil_size': 2.5}, {'event_type': 'MonocularEyeSampleEventNT', 'event_id': 1648, 'logged_time': 25.28502440003176, 'system_time': 25.296326700015925, 'gaze_x_left': 72.0, 'gaze_y_left': -20.0, 'gaze_x_right': None, 'gaze_y_right': None, 'pupil_left': 5, 'pupil_right': 0, 'avg_gaze_x': 72.0, 'avg_gaze_y': -20.0, 'avg_pupil_size': 2.5}, {'event_type': 'MonocularEyeSampleEventNT', 'event_id': 1650, 'logged_time': 25.30502440003176, 'system_time': 25.31175610003993, 'gaze_x_left': 73.0, 'gaze_y_left': -20.0, 'gaze_x_right': None, 'gaze_y_right': None, 'pupil_left': 5, 'pupil_right': 0, 'avg_gaze_x': 73.0, 'avg_gaze_y': -20.0, 'avg_pupil_size': 2.5}, {'event_type': 'MonocularEyeSampleEventNT', 'event_id': 1652, 'logged_time': 25.325024400031758, 'system_time': 25.327517000027, 'gaze_x_left': 73.0, 'gaze_y_left': -20.0, 'gaze_x_right': None, 'gaze_y_right': None, 'pupil_left': 5, 'pupil_right': 0, 'avg_gaze_x': 73.0, 'avg_gaze_y': -20.0, 'avg_pupil_size': 2.5}, {'event_type': 'MonocularEyeSampleEventNT', 'event_id': 1656, 'logged_time': 25.345024400031757, 'system_time': 25.359532100032084, 'gaze_x_left': 74.0, 'gaze_y_left': -22.0, 'gaze_x_right': None, 'gaze_y_right': None, 'pupil_left': 5, 'pupil_right': 0, 'avg_gaze_x': 74.0, 'avg_gaze_y': -22.0, 'avg_pupil_size': 2.5}, {'event_type': 'MonocularEyeSampleEventNT', 'event_id': 1657, 'logged_time': 25.365024400031757, 'system_time': 25.37547850003466, 'gaze_x_left': 74.0, 'gaze_y_left': -23.0, 'gaze_x_right': None, 'gaze_y_right': None, 'pupil_left': 5, 'pupil_right': 0, 'avg_gaze_x': 74.0, 'avg_gaze_y': -23.0, 'avg_pupil_size': 2.5}, {'event_type': 'MonocularEyeSampleEventNT', 'event_id': 1659, 'logged_time': 25.385024400031757, 'system_time': 25.391336700005922, 'gaze_x_left': 74.0, 'gaze_y_left': -23.0, 'gaze_x_right': None, 'gaze_y_right': None, 'pupil_left': 5, 'pupil_right': 0, 'avg_gaze_x': 74.0, 'avg_gaze_y': -23.0, 'avg_pupil_size': 2.5}, {'event_type': 'MonocularEyeSampleEventNT', 'event_id': 1661, 'logged_time': 25.405024400031756, 'system_time': 25.40794659999665, 'gaze_x_left': 75.0, 'gaze_y_left': -25.0, 'gaze_x_right': None, 'gaze_y_right': None, 'pupil_left': 5, 'pupil_right': 0, 'avg_gaze_x': 75.0, 'avg_gaze_y': -25.0, 'avg_pupil_size': 2.5}, {'event_type': 'MonocularEyeSampleEventNT', 'event_id': 1665, 'logged_time': 25.425024400031756, 'system_time': 25.439685499994084, 'gaze_x_left': 76.0, 'gaze_y_left': -27.0, 'gaze_x_right': None, 'gaze_y_right': None, 'pupil_left': 5, 'pupil_right': 0, 'avg_gaze_x': 76.0, 'avg_gaze_y': -27.0, 'avg_pupil_size': 2.5}, {'event_type': 'MonocularEyeSampleEventNT', 'event_id': 1666, 'logged_time': 25.445024400031755, 'system_time': 25.455576300038956, 'gaze_x_left': 76.0, 'gaze_y_left': -27.0, 'gaze_x_right': None, 'gaze_y_right': None, 'pupil_left': 5, 'pupil_right': 0, 'avg_gaze_x': 76.0, 'avg_gaze_y': -27.0, 'avg_pupil_size': 2.5}, {'event_type': 'MonocularEyeSampleEventNT', 'event_id': 1669, 'logged_time': 25.465024400031755, 'system_time': 25.471207400027197, 'gaze_x_left': 76.0, 'gaze_y_left': -30.0, 'gaze_x_right': None, 'gaze_y_right': None, 'pupil_left': 5, 'pupil_right': 0, 'avg_gaze_x': 76.0, 'avg_gaze_y': -30.0, 'avg_pupil_size': 2.5}, {'event_type': 'MonocularEyeSampleEventNT', 'event_id': 1671, 'logged_time': 25.485024400031755, 'system_time': 25.48695079999743, 'gaze_x_left': 76.0, 'gaze_y_left': -30.0, 'gaze_x_right': None, 'gaze_y_right': None, 'pupil_left': 5, 'pupil_right': 0, 'avg_gaze_x': 76.0, 'avg_gaze_y': -30.0, 'avg_pupil_size': 2.5}, {'event_type': 'MonocularEyeSampleEventNT', 'event_id': 1675, 'logged_time': 25.505024400031754, 'system_time': 25.51943250000477, 'gaze_x_left': 76.0, 'gaze_y_left': -31.0, 'gaze_x_right': None, 'gaze_y_right': None, 'pupil_left': 5, 'pupil_right': 0, 'avg_gaze_x': 76.0, 'avg_gaze_y': -31.0, 'avg_pupil_size': 2.5}, {'event_type': 'MonocularEyeSampleEventNT', 'event_id': 1676, 'logged_time': 25.525024400031754, 'system_time': 25.535482600040268, 'gaze_x_left': 76.0, 'gaze_y_left': -31.0, 'gaze_x_right': None, 'gaze_y_right': None, 'pupil_left': 5, 'pupil_right': 0, 'avg_gaze_x': 76.0, 'avg_gaze_y': -31.0, 'avg_pupil_size': 2.5}, {'event_type': 'MonocularEyeSampleEventNT', 'event_id': 1677, 'logged_time': 25.545024400031753, 'system_time': 25.551266700029373, 'gaze_x_left': 76.0, 'gaze_y_left': -32.0, 'gaze_x_right': None, 'gaze_y_right': None, 'pupil_left': 5, 'pupil_right': 0, 'avg_gaze_x': 76.0, 'avg_gaze_y': -32.0, 'avg_pupil_size': 2.5}, {'event_type': 'MonocularEyeSampleEventNT', 'event_id': 1679, 'logged_time': 25.565024400031753, 'system_time': 25.566979600000195, 'gaze_x_left': 76.0, 'gaze_y_left': -32.0, 'gaze_x_right': None, 'gaze_y_right': None, 'pupil_left': 5, 'pupil_right': 0, 'avg_gaze_x': 76.0, 'avg_gaze_y': -32.0, 'avg_pupil_size': 2.5}, {'event_type': 'MonocularEyeSampleEventNT', 'event_id': 1680, 'logged_time': 25.585024400031752, 'system_time': 25.59906510001747, 'gaze_x_left': 76.0, 'gaze_y_left': -32.0, 'gaze_x_right': None, 'gaze_y_right': None, 'pupil_left': 5, 'pupil_right': 0, 'avg_gaze_x': 76.0, 'avg_gaze_y': -32.0, 'avg_pupil_size': 2.5}, {'event_type': 'MonocularEyeSampleEventNT', 'event_id': 1681, 'logged_time': 25.605024400031752, 'system_time': 25.615018100012094, 'gaze_x_left': 76.0, 'gaze_y_left': -32.0, 'gaze_x_right': None, 'gaze_y_right': None, 'pupil_left': 5, 'pupil_right': 0, 'avg_gaze_x': 76.0, 'avg_gaze_y': -32.0, 'avg_pupil_size': 2.5}, {'event_type': 'MonocularEyeSampleEventNT', 'event_id': 1682, 'logged_time': 25.62502440003175, 'system_time': 25.629723699996248, 'gaze_x_left': 76.0, 'gaze_y_left': -32.0, 'gaze_x_right': None, 'gaze_y_right': None, 'pupil_left': 5, 'pupil_right': 0, 'avg_gaze_x': 76.0, 'avg_gaze_y': -32.0, 'avg_pupil_size': 2.5}, {'event_type': 'MonocularEyeSampleEventNT', 'event_id': 1683, 'logged_time': 25.64502440003175, 'system_time': 25.661427800019737, 'gaze_x_left': 76.0, 'gaze_y_left': -32.0, 'gaze_x_right': None, 'gaze_y_right': None, 'pupil_left': 5, 'pupil_right': 0, 'avg_gaze_x': 76.0, 'avg_gaze_y': -32.0, 'avg_pupil_size': 2.5}, {'event_type': 'MonocularEyeSampleEventNT', 'event_id': 1684, 'logged_time': 25.66502440003175, 'system_time': 25.67823620000854, 'gaze_x_left': 76.0, 'gaze_y_left': -32.0, 'gaze_x_right': None, 'gaze_y_right': None, 'pupil_left': 5, 'pupil_right': 0, 'avg_gaze_x': 76.0, 'avg_gaze_y': -32.0, 'avg_pupil_size': 2.5}];{'timeseries_bboxes': [{'channel_idx': 0, 'channel_name': '1', 'start_idx': 0, 'end_idx': 0, 'bbox': {'cx': -311.36842105263156, 'cy': 93.29767566492899, 'w': 7.26315789473685, 'h': 14.200000000000045}}, {'channel_idx': 0, 'channel_name': '1', 'start_idx': 1, 'end_idx': 1, 'bbox': {'cx': -304.10526315789474, 'cy': 29.53558518333, 'w': 7.26315789473685, 'h': 14.200000000000045}}, {'channel_idx': 0, 'channel_name': '1', 'start_idx': 2, 'end_idx': 2, 'bbox': {'cx': -296.8421052631579, 'cy': 11.45647764965662, 'w': 7.26315789473685, 'h': 14.200000000000045}}, {'channel_idx': 0, 'channel_name': '1', 'start_idx': 3, 'end_idx': 3, 'bbox': {'cx': -289.57894736842104, 'cy': -20.254014541195204, 'w': 7.26315789473685, 'h': 14.200000000000045}}, {'channel_idx': 0, 'channel_name': '1', 'start_idx': 4, 'end_idx': 4, 'bbox': {'cx': -282.3157894736842, 'cy': -64.18522229066701, 'w': 7.26315789473685, 'h': 14.200000000000045}}, {'channel_idx': 0, 'channel_name': '1', 'start_idx': 5, 'end_idx': 5, 'bbox': {'cx': -275.0526315789474, 'cy': -10.020965666042457, 'w': 7.26315789473685, 'h': 14.200000000000045}}, {'channel_idx': 0, 'channel_name': '1', 'start_idx': 6, 'end_idx': 6, 'bbox': {'cx': -267.7894736842105, 'cy': -133.26425642112656, 'w': 7.26315789473685, 'h': 14.200000000000045}}, {'channel_idx': 0, 'channel_name': '1', 'start_idx': 7, 'end_idx': 7, 'bbox': {'cx': -260.5263157894737, 'cy': -259.0739912207207, 'w': 7.26315789473685, 'h': 14.200000000000045}}, {'channel_idx': 0, 'channel_name': '1', 'start_idx': 8, 'end_idx': 8, 'bbox': {'cx': -253.26315789473682, 'cy': -196.2916036507646, 'w': 7.26315789473685, 'h': 14.200000000000045}}, {'channel_idx': 0, 'channel_name': '1', 'start_idx': 9, 'end_idx': 9, 'bbox': {'cx': -246.0, 'cy': -178.24330178714933, 'w': 7.263157894736835, 'h': 14.200000000000045}}, {'channel_idx': 0, 'channel_name': '1', 'start_idx': 10, 'end_idx': 10, 'bbox': {'cx': -238.73684210526315, 'cy': -188.8754027412965, 'w': 7.263157894736821, 'h': 14.200000000000045}}, {'channel_idx': 0, 'channel_name': '1', 'start_idx': 11, 'end_idx': 11, 'bbox': {'cx': -231.4736842105263, 'cy': -124.26073892513847, 'w': 7.263157894736821, 'h': 14.200000000000045}}, {'channel_idx': 0, 'channel_name': '1', 'start_idx': 12, 'end_idx': 12, 'bbox': {'cx': -224.21052631578948, 'cy': -140.71582226317219, 'w': 7.263157894736821, 'h': 14.200000000000045}}, {'channel_idx': 0, 'channel_name': '1', 'start_idx': 13, 'end_idx': 13, 'bbox': {'cx': -216.94736842105263, 'cy': -274.32533730945374, 'w': 7.263157894736821, 'h': 14.200000000000045}}, {'channel_idx': 0, 'channel_name': '1', 'start_idx': 14, 'end_idx': 14, 'bbox': {'cx': -209.68421052631578, 'cy': -264.92358049160873, 'w': 7.263157894736821, 'h': 14.200000000000045}}, {'channel_idx': 0, 'channel_name': '1', 'start_idx': 15, 'end_idx': 15, 'bbox': {'cx': -202.42105263157896, 'cy': -174.85339378145898, 'w': 7.263157894736821, 'h': 14.200000000000045}}, {'channel_idx': 0, 'channel_name': '1', 'start_idx': 16, 'end_idx': 16, 'bbox': {'cx': -195.15789473684208, 'cy': -231.94912296006487, 'w': 7.263157894736821, 'h': 14.200000000000045}}, {'channel_idx': 0, 'channel_name': '1', 'start_idx': 17, 'end_idx': 17, 'bbox': {'cx': -187.89473684210526, 'cy': -284.2719727001711, 'w': 7.263157894736821, 'h': 14.200000000000045}}, {'channel_idx': 0, 'channel_name': '1', 'start_idx': 18, 'end_idx': 18, 'bbox': {'cx': -180.6315789473684, 'cy': -173.74815207254824, 'w': 7.263157894736821, 'h': 14.200000000000045}}, {'channel_idx': 0, 'channel_name': '1', 'start_idx': 19, 'end_idx': 19, 'bbox': {'cx': -173.36842105263156, 'cy': -286.6764290954143, 'w': 7.263157894736821, 'h': 14.200000000000045}}, {'channel_idx': 0, 'channel_name': '1', 'start_idx': 20, 'end_idx': 20, 'bbox': {'cx': -166.10526315789474, 'cy': -285.9036603681186, 'w': 7.263157894736821, 'h': 14.200000000000045}}, {'channel_idx': 0, 'channel_name': '1', 'start_idx': 21, 'end_idx': 21, 'bbox': {'cx': -158.8421052631579, 'cy': -182.55619775545267, 'w': 7.263157894736821, 'h': 14.200000000000045}}, {'channel_idx': 0, 'channel_name': '1', 'start_idx': 22, 'end_idx': 22, 'bbox': {'cx': -151.57894736842104, 'cy': -253.9094734668862, 'w': 7.263157894736821, 'h': 14.200000000000045}}, {'channel_idx': 0, 'channel_name': '1', 'start_idx': 23, 'end_idx': 23, 'bbox': {'cx': -144.3157894736842, 'cy': -175.34386476575025, 'w': 7.263157894736821, 'h': 14.200000000000045}}, {'channel_idx': 0, 'channel_name': '1', 'start_idx': 24, 'end_idx': 24, 'bbox': {'cx': -137.05263157894737, 'cy': -331.45000000000005, 'w': 7.263157894736821, 'h': 7.100000000000023}}, {'channel_idx': 0, 'channel_name': '1', 'start_idx': 25, 'end_idx': 25, 'bbox': {'cx': -129.78947368421052, 'cy': -321.66084422205915, 'w': 7.263157894736821, 'h': 14.200000000000045}}, {'channel_idx': 0, 'channel_name': '1', 'start_idx': 26, 'end_idx': 26, 'bbox': {'cx': -122.52631578947367, 'cy': -32.16685553622625, 'w': 7.263157894736821, 'h': 14.200000000000045}}, {'channel_idx': 0, 'channel_name': '1', 'start_idx': 27, 'end_idx': 27, 'bbox': {'cx': -115.26315789473682, 'cy': -190.54170811313736, 'w': 7.263157894736878, 'h': 14.200000000000045}}, {'channel_idx': 0, 'channel_name': '1', 'start_idx': 28, 'end_idx': 28, 'bbox': {'cx': -108.0, 'cy': -126.9222361500818, 'w': 7.263157894736878, 'h': 14.200000000000045}}, {'channel_idx': 0, 'channel_name': '1', 'start_idx': 29, 'end_idx': 29, 'bbox': {'cx': -100.73684210526312, 'cy': -17.027329009361267, 'w': 7.263157894736878, 'h': 14.200000000000045}}, {'channel_idx': 0, 'channel_name': '1', 'start_idx': 30, 'end_idx': 30, 'bbox': {'cx': -93.4736842105263, 'cy': -93.58575215868348, 'w': 7.263157894736878, 'h': 14.200000000000045}}, {'channel_idx': 0, 'channel_name': '1', 'start_idx': 31, 'end_idx': 31, 'bbox': {'cx': -86.21052631578948, 'cy': 52.60826877440843, 'w': 7.263157894736878, 'h': 14.200000000000045}}, {'channel_idx': 0, 'channel_name': '1', 'start_idx': 32, 'end_idx': 32, 'bbox': {'cx': -78.9473684210526, 'cy': 11.5854855144687, 'w': 7.263157894736878, 'h': 14.200000000000045}}, {'channel_idx': 0, 'channel_name': '1', 'start_idx': 33, 'end_idx': 33, 'bbox': {'cx': -71.68421052631578, 'cy': 75.09322343831423, 'w': 7.263157894736878, 'h': 14.200000000000045}}, {'channel_idx': 0, 'channel_name': '1', 'start_idx': 34, 'end_idx': 34, 'bbox': {'cx': -64.42105263157896, 'cy': 111.38481298809745, 'w': 7.263157894736878, 'h': 14.200000000000045}}, {'channel_idx': 0, 'channel_name': '1', 'start_idx': 35, 'end_idx': 35, 'bbox': {'cx': -57.15789473684208, 'cy': 59.49324700709752, 'w': 7.263157894736878, 'h': 14.200000000000045}}, {'channel_idx': 0, 'channel_name': '1', 'start_idx': 36, 'end_idx': 36, 'bbox': {'cx': -49.89473684210526, 'cy': 155.60636111306155, 'w': 7.263157894736878, 'h': 14.199999999999989}}, {'channel_idx': 0, 'channel_name': '1', 'start_idx': 37, 'end_idx': 37, 'bbox': {'cx': -42.63157894736838, 'cy': 128.12785812094018, 'w': 7.263157894736878, 'h': 14.199999999999989}}, {'channel_idx': 0, 'channel_name': '1', 'start_idx': 38, 'end_idx': 38, 'bbox': {'cx': -35.36842105263156, 'cy': 206.4852643921687, 'w': 7.263157894736878, 'h': 14.199999999999989}}, {'channel_idx': 0, 'channel_name': '1', 'start_idx': 39, 'end_idx': 39, 'bbox': {'cx': -28.10526315789474, 'cy': 164.21186695843227, 'w': 7.263157894736878, 'h': 14.199999999999989}}, {'channel_idx': 0, 'channel_name': '1', 'start_idx': 40, 'end_idx': 40, 'bbox': {'cx': -20.842105263157862, 'cy': 85.39478077866022, 'w': 7.263157894736878, 'h': 14.200000000000045}}, {'channel_idx': 0, 'channel_name': '1', 'start_idx': 41, 'end_idx': 41, 'bbox': {'cx': -13.57894736842104, 'cy': 118.53098559118126, 'w': 7.263157894736878, 'h': 14.200000000000017}}, {'channel_idx': 0, 'channel_name': '1', 'start_idx': 42, 'end_idx': 42, 'bbox': {'cx': -6.3157894736842195, 'cy': 142.4687819481784, 'w': 7.263157894736878, 'h': 14.199999999999989}}, {'channel_idx': 0, 'channel_name': '1', 'start_idx': 43, 'end_idx': 43, 'bbox': {'cx': 0.9473684210526585, 'cy': 199.1408674890896, 'w': 7.263157894736878, 'h': 14.199999999999989}}, {'channel_idx': 0, 'channel_name': '1', 'start_idx': 44, 'end_idx': 44, 'bbox': {'cx': 8.21052631578948, 'cy': 99.57515989608521, 'w': 7.263157894736878, 'h': 14.200000000000045}}, {'channel_idx': 0, 'channel_name': '1', 'start_idx': 45, 'end_idx': 45, 'bbox': {'cx': 15.473684210526358, 'cy': 87.76526453852296, 'w': 7.263157894736878, 'h': 14.200000000000045}}, {'channel_idx': 0, 'channel_name': '1', 'start_idx': 46, 'end_idx': 46, 'bbox': {'cx': 22.73684210526318, 'cy': 58.41928528332778, 'w': 7.263157894736878, 'h': 14.200000000000045}}, {'channel_idx': 0, 'channel_name': '1', 'start_idx': 47, 'end_idx': 47, 'bbox': {'cx': 30.0, 'cy': 134.1555125710866, 'w': 7.263157894736878, 'h': 14.199999999999989}}, {'channel_idx': 0, 'channel_name': '1', 'start_idx': 48, 'end_idx': 48, 'bbox': {'cx': 37.26315789473688, 'cy': 130.17751223989848, 'w': 7.263157894736878, 'h': 14.199999999999989}}, {'channel_idx': 0, 'channel_name': '1', 'start_idx': 49, 'end_idx': 49, 'bbox': {'cx': 44.5263157894737, 'cy': 49.28352874224015, 'w': 7.263157894736878, 'h': 14.200000000000045}}, {'channel_idx': 0, 'channel_name': '1', 'start_idx': 50, 'end_idx': 50, 'bbox': {'cx': 51.78947368421052, 'cy': 114.98771181688556, 'w': 7.263157894736878, 'h': 14.200000000000017}}, {'channel_idx': 0, 'channel_name': '1', 'start_idx': 51, 'end_idx': 51, 'bbox': {'cx': 59.0526315789474, 'cy': 42.14897321010858, 'w': 7.263157894736878, 'h': 14.200000000000045}}, {'channel_idx': 0, 'channel_name': '1', 'start_idx': 52, 'end_idx': 52, 'bbox': {'cx': 66.31578947368422, 'cy': 150.84324526811344, 'w': 7.263157894736878, 'h': 14.199999999999989}}, {'channel_idx': 0, 'channel_name': '1', 'start_idx': 53, 'end_idx': 53, 'bbox': {'cx': 73.5789473684211, 'cy': 99.87262988401676, 'w': 7.263157894736878, 'h': 14.200000000000045}}, {'channel_idx': 0, 'channel_name': '1', 'start_idx': 54, 'end_idx': 54, 'bbox': {'cx': 80.84210526315792, 'cy': -44.236643451709824, 'w': 7.263157894736878, 'h': 14.200000000000045}}, {'channel_idx': 0, 'channel_name': '1', 'start_idx': 55, 'end_idx': 55, 'bbox': {'cx': 88.10526315789474, 'cy': 67.9695494238988, 'w': 7.263157894736878, 'h': 14.200000000000045}}, {'channel_idx': 0, 'channel_name': '1', 'start_idx': 56, 'end_idx': 56, 'bbox': {'cx': 95.36842105263162, 'cy': 77.15733322156694, 'w': 7.263157894736878, 'h': 14.200000000000045}}, {'channel_idx': 0, 'channel_name': '1', 'start_idx': 57, 'end_idx': 57, 'bbox': {'cx': 102.63157894736844, 'cy': 51.03292536001078, 'w': 7.263157894736878, 'h': 14.200000000000045}}, {'channel_idx': 0, 'channel_name': '1', 'start_idx': 58, 'end_idx': 58, 'bbox': {'cx': 109.89473684210526, 'cy': 57.477546550916315, 'w': 7.263157894736878, 'h': 14.200000000000045}}, {'channel_idx': 0, 'channel_name': '1', 'start_idx': 59, 'end_idx': 59, 'bbox': {'cx': 117.15789473684214, 'cy': 56.96420628247637, 'w': 7.263157894736878, 'h': 14.200000000000045}}, {'channel_idx': 0, 'channel_name': '1', 'start_idx': 60, 'end_idx': 60, 'bbox': {'cx': 124.42105263157896, 'cy': 44.41047687710369, 'w': 7.263157894736878, 'h': 14.200000000000045}}, {'channel_idx': 0, 'channel_name': '1', 'start_idx': 61, 'end_idx': 61, 'bbox': {'cx': 131.68421052631584, 'cy': 32.60764662512946, 'w': 7.263157894736878, 'h': 14.200000000000045}}, {'channel_idx': 0, 'channel_name': '1', 'start_idx': 62, 'end_idx': 62, 'bbox': {'cx': 138.94736842105272, 'cy': 25.93923774040934, 'w': 7.263157894736878, 'h': 14.200000000000045}}, {'channel_idx': 0, 'channel_name': '1', 'start_idx': 63, 'end_idx': 63, 'bbox': {'cx': 146.21052631578948, 'cy': 54.02868920729787, 'w': 7.263157894736878, 'h': 14.200000000000045}}, {'channel_idx': 0, 'channel_name': '1', 'start_idx': 64, 'end_idx': 64, 'bbox': {'cx': 153.47368421052636, 'cy': 107.31404684272036, 'w': 7.263157894736878, 'h': 14.200000000000045}}, {'channel_idx': 0, 'channel_name': '1', 'start_idx': 65, 'end_idx': 65, 'bbox': {'cx': 160.73684210526312, 'cy': 71.72399702966732, 'w': 7.263157894736878, 'h': 14.200000000000045}}, {'channel_idx': 0, 'channel_name': '1', 'start_idx': 66, 'end_idx': 66, 'bbox': {'cx': 168.0, 'cy': 76.56742098558209, 'w': 7.263157894736878, 'h': 14.200000000000045}}, {'channel_idx': 0, 'channel_name': '1', 'start_idx': 67, 'end_idx': 67, 'bbox': {'cx': 175.26315789473688, 'cy': 114.88673232489248, 'w': 7.263157894736878, 'h': 14.200000000000017}}, {'channel_idx': 0, 'channel_name': '1', 'start_idx': 68, 'end_idx': 68, 'bbox': {'cx': 182.52631578947376, 'cy': 55.80511302820503, 'w': 7.263157894736878, 'h': 14.200000000000045}}, {'channel_idx': 0, 'channel_name': '1', 'start_idx': 69, 'end_idx': 69, 'bbox': {'cx': 189.78947368421063, 'cy': -48.611717019366665, 'w': 7.263157894736878, 'h': 14.200000000000045}}, {'channel_idx': 0, 'channel_name': '1', 'start_idx': 70, 'end_idx': 70, 'bbox': {'cx': 197.0526315789474, 'cy': -22.455119801198407, 'w': 7.263157894736878, 'h': 14.200000000000045}}, {'channel_idx': 0, 'channel_name': '1', 'start_idx': 71, 'end_idx': 71, 'bbox': {'cx': 204.31578947368428, 'cy': -49.89531141544751, 'w': 7.263157894736878, 'h': 14.200000000000045}}, {'channel_idx': 0, 'channel_name': '1', 'start_idx': 72, 'end_idx': 72, 'bbox': {'cx': 211.57894736842104, 'cy': -64.66747084056817, 'w': 7.263157894736878, 'h': 14.200000000000045}}, {'channel_idx': 0, 'channel_name': '1', 'start_idx': 73, 'end_idx': 73, 'bbox': {'cx': 218.84210526315792, 'cy': -56.951378747099454, 'w': 7.263157894736878, 'h': 14.200000000000045}}, {'channel_idx': 0, 'channel_name': '1', 'start_idx': 74, 'end_idx': 74, 'bbox': {'cx': 226.1052631578948, 'cy': -157.05185689370262, 'w': 7.263157894736878, 'h': 14.200000000000045}}, {'channel_idx': 0, 'channel_name': '1', 'start_idx': 75, 'end_idx': 75, 'bbox': {'cx': 233.36842105263156, 'cy': -29.67400972260623, 'w': 7.263157894736878, 'h': 14.200000000000045}}, {'channel_idx': 0, 'channel_name': '1', 'start_idx': 76, 'end_idx': 76, 'bbox': {'cx': 240.63157894736844, 'cy': -13.678724798915084, 'w': 7.263157894736878, 'h': 14.200000000000045}}, {'channel_idx': 0, 'channel_name': '1', 'start_idx': 77, 'end_idx': 77, 'bbox': {'cx': 247.89473684210532, 'cy': -177.22073684575764, 'w': 7.263157894736878, 'h': 14.200000000000045}}, {'channel_idx': 0, 'channel_name': '1', 'start_idx': 78, 'end_idx': 78, 'bbox': {'cx': 255.15789473684208, 'cy': -116.98969448476493, 'w': 7.263157894736878, 'h': 14.200000000000045}}, {'channel_idx': 0, 'channel_name': '1', 'start_idx': 79, 'end_idx': 79, 'bbox': {'cx': 262.42105263157896, 'cy': -80.5650923914393, 'w': 7.263157894736878, 'h': 14.200000000000045}}, {'channel_idx': 0, 'channel_name': '1', 'start_idx': 80, 'end_idx': 80, 'bbox': {'cx': 269.68421052631584, 'cy': -98.20604370531368, 'w': 7.263157894736878, 'h': 14.200000000000045}}, {'channel_idx': 0, 'channel_name': '1', 'start_idx': 81, 'end_idx': 81, 'bbox': {'cx': 276.9473684210527, 'cy': -128.72911245873922, 'w': 7.263157894736878, 'h': 14.200000000000045}}, {'channel_idx': 0, 'channel_name': '1', 'start_idx': 82, 'end_idx': 82, 'bbox': {'cx': 284.2105263157895, 'cy': -91.82036601461209, 'w': 7.263157894736878, 'h': 14.200000000000045}}, {'channel_idx': 0, 'channel_name': '1', 'start_idx': 83, 'end_idx': 83, 'bbox': {'cx': 291.47368421052636, 'cy': -91.33650041513619, 'w': 7.263157894736878, 'h': 14.200000000000045}}, {'channel_idx': 0, 'channel_name': '1', 'start_idx': 84, 'end_idx': 84, 'bbox': {'cx': 298.73684210526324, 'cy': -136.62996851986725, 'w': 7.263157894736878, 'h': 14.200000000000045}}, {'channel_idx': 0, 'channel_name': '1', 'start_idx': 85, 'end_idx': 85, 'bbox': {'cx': 306.0, 'cy': -101.99928006884238, 'w': 7.263157894736878, 'h': 14.200000000000045}}, {'channel_idx': 0, 'channel_name': '1', 'start_idx': 86, 'end_idx': 86, 'bbox': {'cx': 313.2631578947369, 'cy': -82.54865763589936, 'w': 7.263157894736878, 'h': 14.200000000000045}}, {'channel_idx': 0, 'channel_name': '1', 'start_idx': 87, 'end_idx': 87, 'bbox': {'cx': 320.52631578947376, 'cy': 1.5601371708941656, 'w': 7.263157894736878, 'h': 14.200000000000045}}, {'channel_idx': 0, 'channel_name': '1', 'start_idx': 88, 'end_idx': 88, 'bbox': {'cx': 327.7894736842105, 'cy': 138.11674403980697, 'w': 7.263157894736878, 'h': 14.199999999999989}}, {'channel_idx': 0, 'channel_name': '1', 'start_idx': 89, 'end_idx': 89, 'bbox': {'cx': 335.0526315789474, 'cy': 331.733649480352, 'w': 7.263157894736878, 'h': 14.200000000000003}}, {'channel_idx': 0, 'channel_name': '1', 'start_idx': 90, 'end_idx': 90, 'bbox': {'cx': 342.3157894736843, 'cy': 371.45, 'w': 7.263157894736878, 'h': 7.1000000000000005}}, {'channel_idx': 0, 'channel_name': '1', 'start_idx': 91, 'end_idx': 91, 'bbox': {'cx': 349.57894736842104, 'cy': 229.22703805225888, 'w': 7.263157894736878, 'h': 14.199999999999989}}, {'channel_idx': 0, 'channel_name': '1', 'start_idx': 92, 'end_idx': 92, 'bbox': {'cx': 356.8421052631579, 'cy': -18.759167650309507, 'w': 7.263157894736878, 'h': 14.200000000000045}}, {'channel_idx': 0, 'channel_name': '1', 'start_idx': 93, 'end_idx': 93, 'bbox': {'cx': 364.1052631578948, 'cy': -208.76700977136352, 'w': 7.263157894736878, 'h': 14.200000000000045}}, {'channel_idx': 0, 'channel_name': '1', 'start_idx': 94, 'end_idx': 94, 'bbox': {'cx': 371.36842105263156, 'cy': -54.497851902530726, 'w': 7.263157894736878, 'h': 14.200000000000045}}]};;
output\20260915_121156\0.31664616.png;"[ 0.24319908  0.37047144  1.0637381   1.6781871   1.7595575   1.6977172
  1.612159    1.1681877   0.49995704 -0.02236253 -0.23531816 -0.11827251
 -0.07102736 -0.32298644 -0.43356208 -0.31865971 -0.29565486 -0.41773284
 -0.68247969 -0.88183977 -0.84332048 -0.88365177 -1.0300185  -1.0552655
 -1.1686368  -1.3639905  -1.3376111  -1.2612936  -1.4097822  -1.6345041
 -1.7032377  -1.6770249  -1.7826278  -1.9968716  -2.0563716  -1.9378809
 -1.8794116  -1.9154266  -1.8455069  -1.658135   -1.5094832  -1.3934261
 -1.2328683  -1.0243483  -0.76864001 -0.51129373 -0.30956399 -0.13196163
  0.03505408  0.14215881  0.22580665  0.34369036  0.42858907  0.4695677
  0.56978192  0.67566632  0.69988535  0.73256075  0.7716652   0.73812943
  0.7236995   0.80687593  0.87898449  0.85579127  0.80638433  0.79250094
  0.80381413  0.78193839  0.70043908  0.73595994  0.86416166  0.70766984
  0.45875614  0.60014556  0.82513646  0.80003425  0.76282112  0.75544283
  0.65376588  0.52644092  0.47733909  0.57494596  0.69842456  0.72241431
  0.77159793  0.76422904  0.61062146  0.55290034  0.56678608  0.60400236
  0.77706781  0.81234542  0.74884814  0.81804204  0.53934704]";abnormal;normal;[{'event_type': 'MonocularEyeSampleEventNT', 'event_id': 2074, 'logged_time': 29.625024400031666, 'system_time': 29.638079199998174, 'gaze_x_left': -80.0, 'gaze_y_left': -280.0, 'gaze_x_right': None, 'gaze_y_right': None, 'pupil_left': 5, 'pupil_right': 0, 'avg_gaze_x': -80.0, 'avg_gaze_y': -280.0, 'avg_pupil_size': 2.5}, {'event_type': 'MonocularEyeSampleEventNT', 'event_id': 2078, 'logged_time': 29.645024400031666, 'system_time': 29.652753100031987, 'gaze_x_left': -80.0, 'gaze_y_left': -280.0, 'gaze_x_right': None, 'gaze_y_right': None, 'pupil_left': 5, 'pupil_right': 0, 'avg_gaze_x': -80.0, 'avg_gaze_y': -280.0, 'avg_pupil_size': 2.5}, {'event_type': 'MonocularEyeSampleEventNT', 'event_id': 2079, 'logged_time': 29.665024400031665, 'system_time': 29.668357100046705, 'gaze_x_left': -80.0, 'gaze_y_left': -280.0, 'gaze_x_right': None, 'gaze_y_right': None, 'pupil_left': 5, 'pupil_right': 0, 'avg_gaze_x': -80.0, 'avg_gaze_y': -280.0, 'avg_pupil_size': 2.5}, {'event_type': 'MonocularEyeSampleEventNT', 'event_id': 2082, 'logged_time': 29.685024400031665, 'system_time': 29.70140389999142, 'gaze_x_left': -81.0, 'gaze_y_left': -280.0, 'gaze_x_right': None, 'gaze_y_right': None, 'pupil_left': 5, 'pupil_right': 0, 'avg_gaze_x': -81.0, 'avg_gaze_y': -280.0, 'avg_pupil_size': 2.5}, {'event_type': 'MonocularEyeSampleEventNT', 'event_id': 2083, 'logged_time': 29.705024400031665, 'system_time': 29.717061100003775, 'gaze_x_left': -81.0, 'gaze_y_left': -280.0, 'gaze_x_right': None, 'gaze_y_right': None, 'pupil_left': 5, 'pupil_right': 0, 'avg_gaze_x': -81.0, 'avg_gaze_y': -280.0, 'avg_pupil_size': 2.5}, {'event_type': 'MonocularEyeSampleEventNT', 'event_id': 2085, 'logged_time': 29.725024400031664, 'system_time': 29.732642700022552, 'gaze_x_left': -82.0, 'gaze_y_left': -280.0, 'gaze_x_right': None, 'gaze_y_right': None, 'pupil_left': 5, 'pupil_right': 0, 'avg_gaze_x': -82.0, 'avg_gaze_y': -280.0, 'avg_pupil_size': 2.5}, {'event_type': 'MonocularEyeSampleEventNT', 'event_id': 2087, 'logged_time': 29.745024400031664, 'system_time': 29.7485514000291, 'gaze_x_left': -82.0, 'gaze_y_left': -280.0, 'gaze_x_right': None, 'gaze_y_right': None, 'pupil_left': 5, 'pupil_right': 0, 'avg_gaze_x': -82.0, 'avg_gaze_y': -280.0, 'avg_pupil_size': 2.5}, {'event_type': 'MonocularEyeSampleEventNT', 'event_id': 2088, 'logged_time': 29.765024400031663, 'system_time': 29.780829499999527, 'gaze_x_left': -82.0, 'gaze_y_left': -280.0, 'gaze_x_right': None, 'gaze_y_right': None, 'pupil_left': 5, 'pupil_right': 0, 'avg_gaze_x': -82.0, 'avg_gaze_y': -280.0, 'avg_pupil_size': 2.5}, {'event_type': 'MonocularEyeSampleEventNT', 'event_id': 2089, 'logged_time': 29.785024400031663, 'system_time': 29.79632640001364, 'gaze_x_left': -82.0, 'gaze_y_left': -280.0, 'gaze_x_right': None, 'gaze_y_right': None, 'pupil_left': 5, 'pupil_right': 0, 'avg_gaze_x': -82.0, 'avg_gaze_y': -280.0, 'avg_pupil_size': 2.5}, {'event_type': 'MonocularEyeSampleEventNT', 'event_id': 2090, 'logged_time': 29.805024400031662, 'system_time': 29.812878600030672, 'gaze_x_left': -82.0, 'gaze_y_left': -280.0, 'gaze_x_right': None, 'gaze_y_right': None, 'pupil_left': 5, 'pupil_right': 0, 'avg_gaze_x': -82.0, 'avg_gaze_y': -280.0, 'avg_pupil_size': 2.5}, {'event_type': 'MonocularEyeSampleEventNT', 'event_id': 2091, 'logged_time': 29.825024400031662, 'system_time': 29.8295198000269, 'gaze_x_left': -82.0, 'gaze_y_left': -280.0, 'gaze_x_right': None, 'gaze_y_right': None, 'pupil_left': 5, 'pupil_right': 0, 'avg_gaze_x': -82.0, 'avg_gaze_y': -280.0, 'avg_pupil_size': 2.5}, {'event_type': 'MonocularEyeSampleEventNT', 'event_id': 2096, 'logged_time': 29.84502440003166, 'system_time': 29.86180220003007, 'gaze_x_left': -85.0, 'gaze_y_left': -281.0, 'gaze_x_right': None, 'gaze_y_right': None, 'pupil_left': 5, 'pupil_right': 0, 'avg_gaze_x': -85.0, 'avg_gaze_y': -281.0, 'avg_pupil_size': 2.5}, {'event_type': 'MonocularEyeSampleEventNT', 'event_id': 2097, 'logged_time': 29.86502440003166, 'system_time': 29.875134900037665, 'gaze_x_left': -85.0, 'gaze_y_left': -281.0, 'gaze_x_right': None, 'gaze_y_right': None, 'pupil_left': 5, 'pupil_right': 0, 'avg_gaze_x': -85.0, 'avg_gaze_y': -281.0, 'avg_pupil_size': 2.5}, {'event_type': 'MonocularEyeSampleEventNT', 'event_id': 2099, 'logged_time': 29.88502440003166, 'system_time': 29.891607300029136, 'gaze_x_left': -85.0, 'gaze_y_left': -281.0, 'gaze_x_right': None, 'gaze_y_right': None, 'pupil_left': 5, 'pupil_right': 0, 'avg_gaze_x': -85.0, 'avg_gaze_y': -281.0, 'avg_pupil_size': 2.5}, {'event_type': 'MonocularEyeSampleEventNT', 'event_id': 2101, 'logged_time': 29.90502440003166, 'system_time': 29.9072725000442, 'gaze_x_left': -85.0, 'gaze_y_left': -280.0, 'gaze_x_right': None, 'gaze_y_right': None, 'pupil_left': 5, 'pupil_right': 0, 'avg_gaze_x': -85.0, 'avg_gaze_y': -280.0, 'avg_pupil_size': 2.5}, {'event_type': 'MonocularEyeSampleEventNT', 'event_id': 2105, 'logged_time': 29.92502440003166, 'system_time': 29.939168100012466, 'gaze_x_left': -86.0, 'gaze_y_left': -277.0, 'gaze_x_right': None, 'gaze_y_right': None, 'pupil_left': 5, 'pupil_right': 0, 'avg_gaze_x': -86.0, 'avg_gaze_y': -277.0, 'avg_pupil_size': 2.5}, {'event_type': 'MonocularEyeSampleEventNT', 'event_id': 2106, 'logged_time': 29.94502440003166, 'system_time': 29.955227600003127, 'gaze_x_left': -87.0, 'gaze_y_left': -275.0, 'gaze_x_right': None, 'gaze_y_right': None, 'pupil_left': 5, 'pupil_right': 0, 'avg_gaze_x': -87.0, 'avg_gaze_y': -275.0, 'avg_pupil_size': 2.5}, {'event_type': 'MonocularEyeSampleEventNT', 'event_id': 2108, 'logged_time': 29.96502440003166, 'system_time': 29.971306500025094, 'gaze_x_left': -88.0, 'gaze_y_left': -273.0, 'gaze_x_right': None, 'gaze_y_right': None, 'pupil_left': 5, 'pupil_right': 0, 'avg_gaze_x': -88.0, 'avg_gaze_y': -273.0, 'avg_pupil_size': 2.5}, {'event_type': 'MonocularEyeSampleEventNT', 'event_id': 2110, 'logged_time': 29.98502440003166, 'system_time': 29.987280000001192, 'gaze_x_left': -89.0, 'gaze_y_left': -272.0, 'gaze_x_right': None, 'gaze_y_right': None, 'pupil_left': 5, 'pupil_right': 0, 'avg_gaze_x': -89.0, 'avg_gaze_y': -272.0, 'avg_pupil_size': 2.5}, {'event_type': 'MonocularEyeSampleEventNT', 'event_id': 2114, 'logged_time': 30.005024400031658, 'system_time': 30.02044630004093, 'gaze_x_left': -91.0, 'gaze_y_left': -269.0, 'gaze_x_right': None, 'gaze_y_right': None, 'pupil_left': 5, 'pupil_right': 0, 'avg_gaze_x': -91.0, 'avg_gaze_y': -269.0, 'avg_pupil_size': 2.5}, {'event_type': 'MonocularEyeSampleEventNT', 'event_id': 2115, 'logged_time': 30.025024400031658, 'system_time': 30.03620910004247, 'gaze_x_left': -92.0, 'gaze_y_left': -267.0, 'gaze_x_right': None, 'gaze_y_right': None, 'pupil_left': 5, 'pupil_right': 0, 'avg_gaze_x': -92.0, 'avg_gaze_y': -267.0, 'avg_pupil_size': 2.5}, {'event_type': 'MonocularEyeSampleEventNT', 'event_id': 2117, 'logged_time': 30.045024400031657, 'system_time': 30.05241780000506, 'gaze_x_left': -93.0, 'gaze_y_left': -267.0, 'gaze_x_right': None, 'gaze_y_right': None, 'pupil_left': 5, 'pupil_right': 0, 'avg_gaze_x': -93.0, 'avg_gaze_y': -267.0, 'avg_pupil_size': 2.5}, {'event_type': 'MonocularEyeSampleEventNT', 'event_id': 2119, 'logged_time': 30.065024400031657, 'system_time': 30.068331799993757, 'gaze_x_left': -94.0, 'gaze_y_left': -266.0, 'gaze_x_right': None, 'gaze_y_right': None, 'pupil_left': 5, 'pupil_right': 0, 'avg_gaze_x': -94.0, 'avg_gaze_y': -266.0, 'avg_pupil_size': 2.5}, {'event_type': 'MonocularEyeSampleEventNT', 'event_id': 2123, 'logged_time': 30.085024400031656, 'system_time': 30.101058500004, 'gaze_x_left': -96.0, 'gaze_y_left': -265.0, 'gaze_x_right': None, 'gaze_y_right': None, 'pupil_left': 5, 'pupil_right': 0, 'avg_gaze_x': -96.0, 'avg_gaze_y': -265.0, 'avg_pupil_size': 2.5}, {'event_type': 'MonocularEyeSampleEventNT', 'event_id': 2124, 'logged_time': 30.105024400031656, 'system_time': 30.114054800011218, 'gaze_x_left': -96.0, 'gaze_y_left': -264.0, 'gaze_x_right': None, 'gaze_y_right': None, 'pupil_left': 5, 'pupil_right': 0, 'avg_gaze_x': -96.0, 'avg_gaze_y': -264.0, 'avg_pupil_size': 2.5}, {'event_type': 'MonocularEyeSampleEventNT', 'event_id': 2126, 'logged_time': 30.125024400031656, 'system_time': 30.129060900013428, 'gaze_x_left': -96.0, 'gaze_y_left': -264.0, 'gaze_x_right': None, 'gaze_y_right': None, 'pupil_left': 5, 'pupil_right': 0, 'avg_gaze_x': -96.0, 'avg_gaze_y': -264.0, 'avg_pupil_size': 2.5}, {'event_type': 'MonocularEyeSampleEventNT', 'event_id': 2130, 'logged_time': 30.145024400031655, 'system_time': 30.16137470002286, 'gaze_x_left': -99.0, 'gaze_y_left': -262.0, 'gaze_x_right': None, 'gaze_y_right': None, 'pupil_left': 5, 'pupil_right': 0, 'avg_gaze_x': -99.0, 'avg_gaze_y': -262.0, 'avg_pupil_size': 2.5}, {'event_type': 'MonocularEyeSampleEventNT', 'event_id': 2131, 'logged_time': 30.165024400031655, 'system_time': 30.177680300024804, 'gaze_x_left': -99.0, 'gaze_y_left': -261.0, 'gaze_x_right': None, 'gaze_y_right': None, 'pupil_left': 5, 'pupil_right': 0, 'avg_gaze_x': -99.0, 'avg_gaze_y': -261.0, 'avg_pupil_size': 2.5}, {'event_type': 'MonocularEyeSampleEventNT', 'event_id': 2133, 'logged_time': 30.185024400031654, 'system_time': 30.193633200018667, 'gaze_x_left': -100.0, 'gaze_y_left': -260.0, 'gaze_x_right': None, 'gaze_y_right': None, 'pupil_left': 5, 'pupil_right': 0, 'avg_gaze_x': -100.0, 'avg_gaze_y': -260.0, 'avg_pupil_size': 2.5}, {'event_type': 'MonocularEyeSampleEventNT', 'event_id': 2135, 'logged_time': 30.205024400031654, 'system_time': 30.209651300043333, 'gaze_x_left': -101.0, 'gaze_y_left': -258.0, 'gaze_x_right': None, 'gaze_y_right': None, 'pupil_left': 5, 'pupil_right': 0, 'avg_gaze_x': -101.0, 'avg_gaze_y': -258.0, 'avg_pupil_size': 2.5}, {'event_type': 'MonocularEyeSampleEventNT', 'event_id': 2139, 'logged_time': 30.225024400031653, 'system_time': 30.241944800014608, 'gaze_x_left': -102.0, 'gaze_y_left': -255.0, 'gaze_x_right': None, 'gaze_y_right': None, 'pupil_left': 5, 'pupil_right': 0, 'avg_gaze_x': -102.0, 'avg_gaze_y': -255.0, 'avg_pupil_size': 2.5}, {'event_type': 'MonocularEyeSampleEventNT', 'event_id': 2140, 'logged_time': 30.245024400031653, 'system_time': 30.258187200000975, 'gaze_x_left': -103.0, 'gaze_y_left': -253.0, 'gaze_x_right': None, 'gaze_y_right': None, 'pupil_left': 5, 'pupil_right': 0, 'avg_gaze_x': -103.0, 'avg_gaze_y': -253.0, 'avg_pupil_size': 2.5}, {'event_type': 'MonocularEyeSampleEventNT', 'event_id': 2142, 'logged_time': 30.265024400031653, 'system_time': 30.27455710002687, 'gaze_x_left': -103.0, 'gaze_y_left': -251.0, 'gaze_x_right': None, 'gaze_y_right': None, 'pupil_left': 5, 'pupil_right': 0, 'avg_gaze_x': -103.0, 'avg_gaze_y': -251.0, 'avg_pupil_size': 2.5}, {'event_type': 'MonocularEyeSampleEventNT', 'event_id': 2144, 'logged_time': 30.285024400031652, 'system_time': 30.290798800007906, 'gaze_x_left': -103.0, 'gaze_y_left': -248.0, 'gaze_x_right': None, 'gaze_y_right': None, 'pupil_left': 5, 'pupil_right': 0, 'avg_gaze_x': -103.0, 'avg_gaze_y': -248.0, 'avg_pupil_size': 2.5}, {'event_type': 'MonocularEyeSampleEventNT', 'event_id': 2148, 'logged_time': 30.30502440003165, 'system_time': 30.321634699997958, 'gaze_x_left': -105.0, 'gaze_y_left': -241.0, 'gaze_x_right': None, 'gaze_y_right': None, 'pupil_left': 5, 'pupil_right': 0, 'avg_gaze_x': -105.0, 'avg_gaze_y': -241.0, 'avg_pupil_size': 2.5}, {'event_type': 'MonocularEyeSampleEventNT', 'event_id': 2149, 'logged_time': 30.32502440003165, 'system_time': 30.338246600003913, 'gaze_x_left': -105.0, 'gaze_y_left': -239.0, 'gaze_x_right': None, 'gaze_y_right': None, 'pupil_left': 5, 'pupil_right': 0, 'avg_gaze_x': -105.0, 'avg_gaze_y': -239.0, 'avg_pupil_size': 2.5}, {'event_type': 'MonocularEyeSampleEventNT', 'event_id': 2152, 'logged_time': 30.34502440003165, 'system_time': 30.35378890001448, 'gaze_x_left': -105.0, 'gaze_y_left': -238.0, 'gaze_x_right': None, 'gaze_y_right': None, 'pupil_left': 5, 'pupil_right': 0, 'avg_gaze_x': -105.0, 'avg_gaze_y': -238.0, 'avg_pupil_size': 2.5}, {'event_type': 'MonocularEyeSampleEventNT', 'event_id': 2153, 'logged_time': 30.36502440003165, 'system_time': 30.369723200041335, 'gaze_x_left': -105.0, 'gaze_y_left': -235.0, 'gaze_x_right': None, 'gaze_y_right': None, 'pupil_left': 5, 'pupil_right': 0, 'avg_gaze_x': -105.0, 'avg_gaze_y': -235.0, 'avg_pupil_size': 2.5}, {'event_type': 'MonocularEyeSampleEventNT', 'event_id': 2157, 'logged_time': 30.38502440003165, 'system_time': 30.400564100011252, 'gaze_x_left': -105.0, 'gaze_y_left': -229.0, 'gaze_x_right': None, 'gaze_y_right': None, 'pupil_left': 5, 'pupil_right': 0, 'avg_gaze_x': -105.0, 'avg_gaze_y': -229.0, 'avg_pupil_size': 2.5}, {'event_type': 'MonocularEyeSampleEventNT', 'event_id': 2158, 'logged_time': 30.40502440003165, 'system_time': 30.417344900022727, 'gaze_x_left': -105.0, 'gaze_y_left': -227.0, 'gaze_x_right': None, 'gaze_y_right': None, 'pupil_left': 5, 'pupil_right': 0, 'avg_gaze_x': -105.0, 'avg_gaze_y': -227.0, 'avg_pupil_size': 2.5}, {'event_type': 'MonocularEyeSampleEventNT', 'event_id': 2160, 'logged_time': 30.42502440003165, 'system_time': 30.43330330000026, 'gaze_x_left': -105.0, 'gaze_y_left': -225.0, 'gaze_x_right': None, 'gaze_y_right': None, 'pupil_left': 5, 'pupil_right': 0, 'avg_gaze_x': -105.0, 'avg_gaze_y': -225.0, 'avg_pupil_size': 2.5}, {'event_type': 'MonocularEyeSampleEventNT', 'event_id': 2162, 'logged_time': 30.44502440003165, 'system_time': 30.4488066000049, 'gaze_x_left': -105.0, 'gaze_y_left': -225.0, 'gaze_x_right': None, 'gaze_y_right': None, 'pupil_left': 5, 'pupil_right': 0, 'avg_gaze_x': -105.0, 'avg_gaze_y': -225.0, 'avg_pupil_size': 2.5}, {'event_type': 'MonocularEyeSampleEventNT', 'event_id': 2166, 'logged_time': 30.46502440003165, 'system_time': 30.481967900006566, 'gaze_x_left': -105.0, 'gaze_y_left': -223.0, 'gaze_x_right': None, 'gaze_y_right': None, 'pupil_left': 5, 'pupil_right': 0, 'avg_gaze_x': -105.0, 'avg_gaze_y': -223.0, 'avg_pupil_size': 2.5}, {'event_type': 'MonocularEyeSampleEventNT', 'event_id': 2168, 'logged_time': 30.485024400031648, 'system_time': 30.49718910001684, 'gaze_x_left': -105.0, 'gaze_y_left': -220.0, 'gaze_x_right': None, 'gaze_y_right': None, 'pupil_left': 5, 'pupil_right': 0, 'avg_gaze_x': -105.0, 'avg_gaze_y': -220.0, 'avg_pupil_size': 2.5}, {'event_type': 'MonocularEyeSampleEventNT', 'event_id': 2169, 'logged_time': 30.505024400031648, 'system_time': 30.513105500023812, 'gaze_x_left': -106.0, 'gaze_y_left': -217.0, 'gaze_x_right': None, 'gaze_y_right': None, 'pupil_left': 5, 'pupil_right': 0, 'avg_gaze_x': -106.0, 'avg_gaze_y': -217.0, 'avg_pupil_size': 2.5}, {'event_type': 'MonocularEyeSampleEventNT', 'event_id': 2171, 'logged_time': 30.525024400031647, 'system_time': 30.528399400005583, 'gaze_x_left': -107.0, 'gaze_y_left': -215.0, 'gaze_x_right': None, 'gaze_y_right': None, 'pupil_left': 5, 'pupil_right': 0, 'avg_gaze_x': -107.0, 'avg_gaze_y': -215.0, 'avg_pupil_size': 2.5}, {'event_type': 'MonocularEyeSampleEventNT', 'event_id': 2175, 'logged_time': 30.545024400031647, 'system_time': 30.560388900048565, 'gaze_x_left': -108.0, 'gaze_y_left': -214.0, 'gaze_x_right': None, 'gaze_y_right': None, 'pupil_left': 5, 'pupil_right': 0, 'avg_gaze_x': -108.0, 'avg_gaze_y': -214.0, 'avg_pupil_size': 2.5}, {'event_type': 'MonocularEyeSampleEventNT', 'event_id': 2176, 'logged_time': 30.565024400031646, 'system_time': 30.57668990001548, 'gaze_x_left': -108.0, 'gaze_y_left': -213.0, 'gaze_x_right': None, 'gaze_y_right': None, 'pupil_left': 5, 'pupil_right': 0, 'avg_gaze_x': -108.0, 'avg_gaze_y': -213.0, 'avg_pupil_size': 2.5}, {'event_type': 'MonocularEyeSampleEventNT', 'event_id': 2178, 'logged_time': 30.585024400031646, 'system_time': 30.593338800012134, 'gaze_x_left': -108.0, 'gaze_y_left': -212.0, 'gaze_x_right': None, 'gaze_y_right': None, 'pupil_left': 5, 'pupil_right': 0, 'avg_gaze_x': -108.0, 'avg_gaze_y': -212.0, 'avg_pupil_size': 2.5}, {'event_type': 'MonocularEyeSampleEventNT', 'event_id': 2180, 'logged_time': 30.605024400031645, 'system_time': 30.608879400009755, 'gaze_x_left': -109.0, 'gaze_y_left': -211.0, 'gaze_x_right': None, 'gaze_y_right': None, 'pupil_left': 5, 'pupil_right': 0, 'avg_gaze_x': -109.0, 'avg_gaze_y': -211.0, 'avg_pupil_size': 2.5}, {'event_type': 'MonocularEyeSampleEventNT', 'event_id': 2184, 'logged_time': 30.625024400031645, 'system_time': 30.64004810003098, 'gaze_x_left': -110.0, 'gaze_y_left': -205.0, 'gaze_x_right': None, 'gaze_y_right': None, 'pupil_left': 5, 'pupil_right': 0, 'avg_gaze_x': -110.0, 'avg_gaze_y': -205.0, 'avg_pupil_size': 2.5}, {'event_type': 'MonocularEyeSampleEventNT', 'event_id': 2185, 'logged_time': 30.645024400031645, 'system_time': 30.655020500009414, 'gaze_x_left': -110.0, 'gaze_y_left': -203.0, 'gaze_x_right': None, 'gaze_y_right': None, 'pupil_left': 5, 'pupil_right': 0, 'avg_gaze_x': -110.0, 'avg_gaze_y': -203.0, 'avg_pupil_size': 2.5}, {'event_type': 'MonocularEyeSampleEventNT', 'event_id': 2187, 'logged_time': 30.665024400031644, 'system_time': 30.6703761999961, 'gaze_x_left': -111.0, 'gaze_y_left': -203.0, 'gaze_x_right': None, 'gaze_y_right': None, 'pupil_left': 5, 'pupil_right': 0, 'avg_gaze_x': -111.0, 'avg_gaze_y': -203.0, 'avg_pupil_size': 2.5}, {'event_type': 'MonocularEyeSampleEventNT', 'event_id': 2189, 'logged_time': 30.685024400031644, 'system_time': 30.685880000004545, 'gaze_x_left': -112.0, 'gaze_y_left': -202.0, 'gaze_x_right': None, 'gaze_y_right': None, 'pupil_left': 5, 'pupil_right': 0, 'avg_gaze_x': -112.0, 'avg_gaze_y': -202.0, 'avg_pupil_size': 2.5}, {'event_type': 'MonocularEyeSampleEventNT', 'event_id': 2193, 'logged_time': 30.705024400031643, 'system_time': 30.71927699999651, 'gaze_x_left': -114.0, 'gaze_y_left': -200.0, 'gaze_x_right': None, 'gaze_y_right': None, 'pupil_left': 5, 'pupil_right': 0, 'avg_gaze_x': -114.0, 'avg_gaze_y': -200.0, 'avg_pupil_size': 2.5}, {'event_type': 'MonocularEyeSampleEventNT', 'event_id': 2194, 'logged_time': 30.725024400031643, 'system_time': 30.73587780003436, 'gaze_x_left': -114.0, 'gaze_y_left': -199.0, 'gaze_x_right': None, 'gaze_y_right': None, 'pupil_left': 5, 'pupil_right': 0, 'avg_gaze_x': -114.0, 'avg_gaze_y': -199.0, 'avg_pupil_size': 2.5}, {'event_type': 'MonocularEyeSampleEventNT', 'event_id': 2196, 'logged_time': 30.745024400031642, 'system_time': 30.75081009999849, 'gaze_x_left': -114.0, 'gaze_y_left': -199.0, 'gaze_x_right': None, 'gaze_y_right': None, 'pupil_left': 5, 'pupil_right': 0, 'avg_gaze_x': -114.0, 'avg_gaze_y': -199.0, 'avg_pupil_size': 2.5}, {'event_type': 'MonocularEyeSampleEventNT', 'event_id': 2200, 'logged_time': 30.765024400031642, 'system_time': 30.783380800043233, 'gaze_x_left': -115.0, 'gaze_y_left': -198.0, 'gaze_x_right': None, 'gaze_y_right': None, 'pupil_left': 5, 'pupil_right': 0, 'avg_gaze_x': -115.0, 'avg_gaze_y': -198.0, 'avg_pupil_size': 2.5}, {'event_type': 'MonocularEyeSampleEventNT', 'event_id': 2201, 'logged_time': 30.78502440003164, 'system_time': 30.798757900018245, 'gaze_x_left': -116.0, 'gaze_y_left': -198.0, 'gaze_x_right': None, 'gaze_y_right': None, 'pupil_left': 5, 'pupil_right': 0, 'avg_gaze_x': -116.0, 'avg_gaze_y': -198.0, 'avg_pupil_size': 2.5}, {'event_type': 'MonocularEyeSampleEventNT', 'event_id': 2203, 'logged_time': 30.80502440003164, 'system_time': 30.81574760004878, 'gaze_x_left': -116.0, 'gaze_y_left': -198.0, 'gaze_x_right': None, 'gaze_y_right': None, 'pupil_left': 5, 'pupil_right': 0, 'avg_gaze_x': -116.0, 'avg_gaze_y': -198.0, 'avg_pupil_size': 2.5}, {'event_type': 'MonocularEyeSampleEventNT', 'event_id': 2205, 'logged_time': 30.82502440003164, 'system_time': 30.832026300020516, 'gaze_x_left': -117.0, 'gaze_y_left': -198.0, 'gaze_x_right': None, 'gaze_y_right': None, 'pupil_left': 5, 'pupil_right': 0, 'avg_gaze_x': -117.0, 'avg_gaze_y': -198.0, 'avg_pupil_size': 2.5}, {'event_type': 'MonocularEyeSampleEventNT', 'event_id': 2207, 'logged_time': 30.84502440003164, 'system_time': 30.84688740002457, 'gaze_x_left': -117.0, 'gaze_y_left': -197.0, 'gaze_x_right': None, 'gaze_y_right': None, 'pupil_left': 5, 'pupil_right': 0, 'avg_gaze_x': -117.0, 'avg_gaze_y': -197.0, 'avg_pupil_size': 2.5}, {'event_type': 'MonocularEyeSampleEventNT', 'event_id': 2211, 'logged_time': 30.86502440003164, 'system_time': 30.878550500026904, 'gaze_x_left': -118.0, 'gaze_y_left': -197.0, 'gaze_x_right': None, 'gaze_y_right': None, 'pupil_left': 5, 'pupil_right': 0, 'avg_gaze_x': -118.0, 'avg_gaze_y': -197.0, 'avg_pupil_size': 2.5}, {'event_type': 'MonocularEyeSampleEventNT', 'event_id': 2212, 'logged_time': 30.88502440003164, 'system_time': 30.893136200029403, 'gaze_x_left': -118.0, 'gaze_y_left': -197.0, 'gaze_x_right': None, 'gaze_y_right': None, 'pupil_left': 5, 'pupil_right': 0, 'avg_gaze_x': -118.0, 'avg_gaze_y': -197.0, 'avg_pupil_size': 2.5}, {'event_type': 'MonocularEyeSampleEventNT', 'event_id': 2213, 'logged_time': 30.90502440003164, 'system_time': 30.90833990002284, 'gaze_x_left': -118.0, 'gaze_y_left': -197.0, 'gaze_x_right': None, 'gaze_y_right': None, 'pupil_left': 5, 'pupil_right': 0, 'avg_gaze_x': -118.0, 'avg_gaze_y': -197.0, 'avg_pupil_size': 2.5}, {'event_type': 'MonocularEyeSampleEventNT', 'event_id': 2214, 'logged_time': 30.92502440003164, 'system_time': 30.94023340003332, 'gaze_x_left': -118.0, 'gaze_y_left': -197.0, 'gaze_x_right': None, 'gaze_y_right': None, 'pupil_left': 5, 'pupil_right': 0, 'avg_gaze_x': -118.0, 'avg_gaze_y': -197.0, 'avg_pupil_size': 2.5}, {'event_type': 'MonocularEyeSampleEventNT', 'event_id': 2215, 'logged_time': 30.945024400031638, 'system_time': 30.9576270999969, 'gaze_x_left': -118.0, 'gaze_y_left': -197.0, 'gaze_x_right': None, 'gaze_y_right': None, 'pupil_left': 5, 'pupil_right': 0, 'avg_gaze_x': -118.0, 'avg_gaze_y': -197.0, 'avg_pupil_size': 2.5}, {'event_type': 'MonocularEyeSampleEventNT', 'event_id': 2216, 'logged_time': 30.965024400031638, 'system_time': 30.973160699999426, 'gaze_x_left': -118.0, 'gaze_y_left': -197.0, 'gaze_x_right': None, 'gaze_y_right': None, 'pupil_left': 5, 'pupil_right': 0, 'avg_gaze_x': -118.0, 'avg_gaze_y': -197.0, 'avg_pupil_size': 2.5}, {'event_type': 'MonocularEyeSampleEventNT', 'event_id': 2217, 'logged_time': 30.985024400031637, 'system_time': 30.989978900004644, 'gaze_x_left': -118.0, 'gaze_y_left': -197.0, 'gaze_x_right': None, 'gaze_y_right': None, 'pupil_left': 5, 'pupil_right': 0, 'avg_gaze_x': -118.0, 'avg_gaze_y': -197.0, 'avg_pupil_size': 2.5}, {'event_type': 'MonocularEyeSampleEventNT', 'event_id': 2218, 'logged_time': 31.005024400031637, 'system_time': 31.0219977000379, 'gaze_x_left': -118.0, 'gaze_y_left': -197.0, 'gaze_x_right': None, 'gaze_y_right': None, 'pupil_left': 5, 'pupil_right': 0, 'avg_gaze_x': -118.0, 'avg_gaze_y': -197.0, 'avg_pupil_size': 2.5}, {'event_type': 'MonocularEyeSampleEventNT', 'event_id': 2219, 'logged_time': 31.025024400031636, 'system_time': 31.038099299999885, 'gaze_x_left': -118.0, 'gaze_y_left': -197.0, 'gaze_x_right': None, 'gaze_y_right': None, 'pupil_left': 5, 'pupil_right': 0, 'avg_gaze_x': -118.0, 'avg_gaze_y': -197.0, 'avg_pupil_size': 2.5}, {'event_type': 'MonocularEyeSampleEventNT', 'event_id': 2220, 'logged_time': 31.045024400031636, 'system_time': 31.05440790002467, 'gaze_x_left': -118.0, 'gaze_y_left': -197.0, 'gaze_x_right': None, 'gaze_y_right': None, 'pupil_left': 5, 'pupil_right': 0, 'avg_gaze_x': -118.0, 'avg_gaze_y': -197.0, 'avg_pupil_size': 2.5}, {'event_type': 'MonocularEyeSampleEventNT', 'event_id': 2221, 'logged_time': 31.065024400031636, 'system_time': 31.06957789999433, 'gaze_x_left': -118.0, 'gaze_y_left': -197.0, 'gaze_x_right': None, 'gaze_y_right': None, 'pupil_left': 5, 'pupil_right': 0, 'avg_gaze_x': -118.0, 'avg_gaze_y': -197.0, 'avg_pupil_size': 2.5}, {'event_type': 'MonocularEyeSampleEventNT', 'event_id': 2222, 'logged_time': 31.085024400031635, 'system_time': 31.10100250004325, 'gaze_x_left': -118.0, 'gaze_y_left': -197.0, 'gaze_x_right': None, 'gaze_y_right': None, 'pupil_left': 5, 'pupil_right': 0, 'avg_gaze_x': -118.0, 'avg_gaze_y': -197.0, 'avg_pupil_size': 2.5}, {'event_type': 'MonocularEyeSampleEventNT', 'event_id': 2223, 'logged_time': 31.105024400031635, 'system_time': 31.115641800046433, 'gaze_x_left': -118.0, 'gaze_y_left': -197.0, 'gaze_x_right': None, 'gaze_y_right': None, 'pupil_left': 5, 'pupil_right': 0, 'avg_gaze_x': -118.0, 'avg_gaze_y': -197.0, 'avg_pupil_size': 2.5}, {'event_type': 'MonocularEyeSampleEventNT', 'event_id': 2224, 'logged_time': 31.125024400031634, 'system_time': 31.130902100005187, 'gaze_x_left': -118.0, 'gaze_y_left': -197.0, 'gaze_x_right': None, 'gaze_y_right': None, 'pupil_left': 5, 'pupil_right': 0, 'avg_gaze_x': -118.0, 'avg_gaze_y': -197.0, 'avg_pupil_size': 2.5}, {'event_type': 'MonocularEyeSampleEventNT', 'event_id': 2225, 'logged_time': 31.145024400031634, 'system_time': 31.14669020002475, 'gaze_x_left': -118.0, 'gaze_y_left': -197.0, 'gaze_x_right': None, 'gaze_y_right': None, 'pupil_left': 5, 'pupil_right': 0, 'avg_gaze_x': -118.0, 'avg_gaze_y': -197.0, 'avg_pupil_size': 2.5}, {'event_type': 'MonocularEyeSampleEventNT', 'event_id': 2226, 'logged_time': 31.165024400031633, 'system_time': 31.17920300003607, 'gaze_x_left': -118.0, 'gaze_y_left': -197.0, 'gaze_x_right': None, 'gaze_y_right': None, 'pupil_left': 5, 'pupil_right': 0, 'avg_gaze_x': -118.0, 'avg_gaze_y': -197.0, 'avg_pupil_size': 2.5}, {'event_type': 'MonocularEyeSampleEventNT', 'event_id': 2228, 'logged_time': 31.185024400031633, 'system_time': 31.195639500045218, 'gaze_x_left': -118.0, 'gaze_y_left': -197.0, 'gaze_x_right': None, 'gaze_y_right': None, 'pupil_left': 5, 'pupil_right': 0, 'avg_gaze_x': -118.0, 'avg_gaze_y': -197.0, 'avg_pupil_size': 2.5}, {'event_type': 'MonocularEyeSampleEventNT', 'event_id': 2230, 'logged_time': 31.205024400031633, 'system_time': 31.212271800031886, 'gaze_x_left': -118.0, 'gaze_y_left': -199.0, 'gaze_x_right': None, 'gaze_y_right': None, 'pupil_left': 5, 'pupil_right': 0, 'avg_gaze_x': -118.0, 'avg_gaze_y': -199.0, 'avg_pupil_size': 2.5}, {'event_type': 'MonocularEyeSampleEventNT', 'event_id': 2232, 'logged_time': 31.225024400031632, 'system_time': 31.227573200012557, 'gaze_x_left': -115.0, 'gaze_y_left': -206.0, 'gaze_x_right': None, 'gaze_y_right': None, 'pupil_left': 5, 'pupil_right': 0, 'avg_gaze_x': -115.0, 'avg_gaze_y': -206.0, 'avg_pupil_size': 2.5}, {'event_type': 'MonocularEyeSampleEventNT', 'event_id': 2236, 'logged_time': 31.24502440003163, 'system_time': 31.261014799994882, 'gaze_x_left': -110.0, 'gaze_y_left': -216.0, 'gaze_x_right': None, 'gaze_y_right': None, 'pupil_left': 5, 'pupil_right': 0, 'avg_gaze_x': -110.0, 'avg_gaze_y': -216.0, 'avg_pupil_size': 2.5}, {'event_type': 'MonocularEyeSampleEventNT', 'event_id': 2237, 'logged_time': 31.26502440003163, 'system_time': 31.27618079999229, 'gaze_x_left': -106.0, 'gaze_y_left': -222.0, 'gaze_x_right': None, 'gaze_y_right': None, 'pupil_left': 5, 'pupil_right': 0, 'avg_gaze_x': -106.0, 'avg_gaze_y': -222.0, 'avg_pupil_size': 2.5}, {'event_type': 'MonocularEyeSampleEventNT', 'event_id': 2239, 'logged_time': 31.28502440003163, 'system_time': 31.29260330001125, 'gaze_x_left': -104.0, 'gaze_y_left': -225.0, 'gaze_x_right': None, 'gaze_y_right': None, 'pupil_left': 5, 'pupil_right': 0, 'avg_gaze_x': -104.0, 'avg_gaze_y': -225.0, 'avg_pupil_size': 2.5}, {'event_type': 'MonocularEyeSampleEventNT', 'event_id': 2241, 'logged_time': 31.30502440003163, 'system_time': 31.308137200016063, 'gaze_x_left': -102.0, 'gaze_y_left': -229.0, 'gaze_x_right': None, 'gaze_y_right': None, 'pupil_left': 5, 'pupil_right': 0, 'avg_gaze_x': -102.0, 'avg_gaze_y': -229.0, 'avg_pupil_size': 2.5}, {'event_type': 'MonocularEyeSampleEventNT', 'event_id': 2245, 'logged_time': 31.32502440003163, 'system_time': 31.339075800031424, 'gaze_x_left': -98.0, 'gaze_y_left': -236.0, 'gaze_x_right': None, 'gaze_y_right': None, 'pupil_left': 5, 'pupil_right': 0, 'avg_gaze_x': -98.0, 'avg_gaze_y': -236.0, 'avg_pupil_size': 2.5}, {'event_type': 'MonocularEyeSampleEventNT', 'event_id': 2246, 'logged_time': 31.34502440003163, 'system_time': 31.355759700003546, 'gaze_x_left': -96.0, 'gaze_y_left': -241.0, 'gaze_x_right': None, 'gaze_y_right': None, 'pupil_left': 5, 'pupil_right': 0, 'avg_gaze_x': -96.0, 'avg_gaze_y': -241.0, 'avg_pupil_size': 2.5}, {'event_type': 'MonocularEyeSampleEventNT', 'event_id': 2248, 'logged_time': 31.36502440003163, 'system_time': 31.373125999991316, 'gaze_x_left': -94.0, 'gaze_y_left': -243.0, 'gaze_x_right': None, 'gaze_y_right': None, 'pupil_left': 5, 'pupil_right': 0, 'avg_gaze_x': -94.0, 'avg_gaze_y': -243.0, 'avg_pupil_size': 2.5}, {'event_type': 'MonocularEyeSampleEventNT', 'event_id': 2250, 'logged_time': 31.38502440003163, 'system_time': 31.38890070002526, 'gaze_x_left': -94.0, 'gaze_y_left': -245.0, 'gaze_x_right': None, 'gaze_y_right': None, 'pupil_left': 5, 'pupil_right': 0, 'avg_gaze_x': -94.0, 'avg_gaze_y': -245.0, 'avg_pupil_size': 2.5}, {'event_type': 'MonocularEyeSampleEventNT', 'event_id': 2254, 'logged_time': 31.40502440003163, 'system_time': 31.42064880003454, 'gaze_x_left': -93.0, 'gaze_y_left': -247.0, 'gaze_x_right': None, 'gaze_y_right': None, 'pupil_left': 5, 'pupil_right': 0, 'avg_gaze_x': -93.0, 'avg_gaze_y': -247.0, 'avg_pupil_size': 2.5}, {'event_type': 'MonocularEyeSampleEventNT', 'event_id': 2255, 'logged_time': 31.425024400031628, 'system_time': 31.436817800044082, 'gaze_x_left': -92.0, 'gaze_y_left': -249.0, 'gaze_x_right': None, 'gaze_y_right': None, 'pupil_left': 5, 'pupil_right': 0, 'avg_gaze_x': -92.0, 'avg_gaze_y': -249.0, 'avg_pupil_size': 2.5}, {'event_type': 'MonocularEyeSampleEventNT', 'event_id': 2257, 'logged_time': 31.445024400031627, 'system_time': 31.452680899994448, 'gaze_x_left': -92.0, 'gaze_y_left': -252.0, 'gaze_x_right': None, 'gaze_y_right': None, 'pupil_left': 5, 'pupil_right': 0, 'avg_gaze_x': -92.0, 'avg_gaze_y': -252.0, 'avg_pupil_size': 2.5}, {'event_type': 'MonocularEyeSampleEventNT', 'event_id': 2259, 'logged_time': 31.465024400031627, 'system_time': 31.468783300020732, 'gaze_x_left': -92.0, 'gaze_y_left': -255.0, 'gaze_x_right': None, 'gaze_y_right': None, 'pupil_left': 5, 'pupil_right': 0, 'avg_gaze_x': -92.0, 'avg_gaze_y': -255.0, 'avg_pupil_size': 2.5}, {'event_type': 'MonocularEyeSampleEventNT', 'event_id': 2263, 'logged_time': 31.485024400031627, 'system_time': 31.500691000022925, 'gaze_x_left': -90.0, 'gaze_y_left': -260.0, 'gaze_x_right': None, 'gaze_y_right': None, 'pupil_left': 5, 'pupil_right': 0, 'avg_gaze_x': -90.0, 'avg_gaze_y': -260.0, 'avg_pupil_size': 2.5}, {'event_type': 'MonocularEyeSampleEventNT', 'event_id': 2264, 'logged_time': 31.505024400031626, 'system_time': 31.517105100036133, 'gaze_x_left': -90.0, 'gaze_y_left': -262.0, 'gaze_x_right': None, 'gaze_y_right': None, 'pupil_left': 5, 'pupil_right': 0, 'avg_gaze_x': -90.0, 'avg_gaze_y': -262.0, 'avg_pupil_size': 2.5}, {'event_type': 'MonocularEyeSampleEventNT', 'event_id': 2266, 'logged_time': 31.525024400031626, 'system_time': 31.53334399999585, 'gaze_x_left': -90.0, 'gaze_y_left': -264.0, 'gaze_x_right': None, 'gaze_y_right': None, 'pupil_left': 5, 'pupil_right': 0, 'avg_gaze_x': -90.0, 'avg_gaze_y': -264.0, 'avg_pupil_size': 2.5}, {'event_type': 'MonocularEyeSampleEventNT', 'event_id': 2268, 'logged_time': 31.545024400031625, 'system_time': 31.548797900031786, 'gaze_x_left': -89.0, 'gaze_y_left': -267.0, 'gaze_x_right': None, 'gaze_y_right': None, 'pupil_left': 5, 'pupil_right': 0, 'avg_gaze_x': -89.0, 'avg_gaze_y': -267.0, 'avg_pupil_size': 2.5}, {'event_type': 'MonocularEyeSampleEventNT', 'event_id': 2272, 'logged_time': 31.565024400031625, 'system_time': 31.58124540001154, 'gaze_x_left': -88.0, 'gaze_y_left': -273.0, 'gaze_x_right': None, 'gaze_y_right': None, 'pupil_left': 5, 'pupil_right': 0, 'avg_gaze_x': -88.0, 'avg_gaze_y': -273.0, 'avg_pupil_size': 2.5}, {'event_type': 'MonocularEyeSampleEventNT', 'event_id': 2273, 'logged_time': 31.585024400031624, 'system_time': 31.59617190004792, 'gaze_x_left': -88.0, 'gaze_y_left': -277.0, 'gaze_x_right': None, 'gaze_y_right': None, 'pupil_left': 5, 'pupil_right': 0, 'avg_gaze_x': -88.0, 'avg_gaze_y': -277.0, 'avg_pupil_size': 2.5}, {'event_type': 'MonocularEyeSampleEventNT', 'event_id': 2275, 'logged_time': 31.605024400031624, 'system_time': 31.61351900000591, 'gaze_x_left': -86.0, 'gaze_y_left': -279.0, 'gaze_x_right': None, 'gaze_y_right': None, 'pupil_left': 5, 'pupil_right': 0, 'avg_gaze_x': -86.0, 'avg_gaze_y': -279.0, 'avg_pupil_size': 2.5}, {'event_type': 'MonocularEyeSampleEventNT', 'event_id': 2277, 'logged_time': 31.625024400031624, 'system_time': 31.629053200013004, 'gaze_x_left': -86.0, 'gaze_y_left': -281.0, 'gaze_x_right': None, 'gaze_y_right': None, 'pupil_left': 5, 'pupil_right': 0, 'avg_gaze_x': -86.0, 'avg_gaze_y': -281.0, 'avg_pupil_size': 2.5}, {'event_type': 'MonocularEyeSampleEventNT', 'event_id': 2281, 'logged_time': 31.645024400031623, 'system_time': 31.65936910000164, 'gaze_x_left': -86.0, 'gaze_y_left': -285.0, 'gaze_x_right': None, 'gaze_y_right': None, 'pupil_left': 5, 'pupil_right': 0, 'avg_gaze_x': -86.0, 'avg_gaze_y': -285.0, 'avg_pupil_size': 2.5}, {'event_type': 'MonocularEyeSampleEventNT', 'event_id': 2282, 'logged_time': 31.665024400031623, 'system_time': 31.67600780003704, 'gaze_x_left': -86.0, 'gaze_y_left': -287.0, 'gaze_x_right': None, 'gaze_y_right': None, 'pupil_left': 5, 'pupil_right': 0, 'avg_gaze_x': -86.0, 'avg_gaze_y': -287.0, 'avg_pupil_size': 2.5}, {'event_type': 'MonocularEyeSampleEventNT', 'event_id': 2284, 'logged_time': 31.685024400031622, 'system_time': 31.691965400008485, 'gaze_x_left': -85.0, 'gaze_y_left': -290.0, 'gaze_x_right': None, 'gaze_y_right': None, 'pupil_left': 5, 'pupil_right': 0, 'avg_gaze_x': -85.0, 'avg_gaze_y': -290.0, 'avg_pupil_size': 2.5}, {'event_type': 'MonocularEyeSampleEventNT', 'event_id': 2286, 'logged_time': 31.705024400031622, 'system_time': 31.708878400037065, 'gaze_x_left': -84.0, 'gaze_y_left': -292.0, 'gaze_x_right': None, 'gaze_y_right': None, 'pupil_left': 5, 'pupil_right': 0, 'avg_gaze_x': -84.0, 'avg_gaze_y': -292.0, 'avg_pupil_size': 2.5}, {'event_type': 'MonocularEyeSampleEventNT', 'event_id': 2290, 'logged_time': 31.72502440003162, 'system_time': 31.74060320004355, 'gaze_x_left': -84.0, 'gaze_y_left': -294.0, 'gaze_x_right': None, 'gaze_y_right': None, 'pupil_left': 5, 'pupil_right': 0, 'avg_gaze_x': -84.0, 'avg_gaze_y': -294.0, 'avg_pupil_size': 2.5}, {'event_type': 'MonocularEyeSampleEventNT', 'event_id': 2291, 'logged_time': 31.74502440003162, 'system_time': 31.7554374000174, 'gaze_x_left': -83.0, 'gaze_y_left': -295.0, 'gaze_x_right': None, 'gaze_y_right': None, 'pupil_left': 5, 'pupil_right': 0, 'avg_gaze_x': -83.0, 'avg_gaze_y': -295.0, 'avg_pupil_size': 2.5}, {'event_type': 'MonocularEyeSampleEventNT', 'event_id': 2293, 'logged_time': 31.76502440003162, 'system_time': 31.77285450004274, 'gaze_x_left': -83.0, 'gaze_y_left': -297.0, 'gaze_x_right': None, 'gaze_y_right': None, 'pupil_left': 5, 'pupil_right': 0, 'avg_gaze_x': -83.0, 'avg_gaze_y': -297.0, 'avg_pupil_size': 2.5}, {'event_type': 'MonocularEyeSampleEventNT', 'event_id': 2296, 'logged_time': 31.78502440003162, 'system_time': 31.78833880001912, 'gaze_x_left': -82.0, 'gaze_y_left': -299.0, 'gaze_x_right': None, 'gaze_y_right': None, 'pupil_left': 5, 'pupil_right': 0, 'avg_gaze_x': -82.0, 'avg_gaze_y': -299.0, 'avg_pupil_size': 2.5}, {'event_type': 'MonocularEyeSampleEventNT', 'event_id': 2300, 'logged_time': 31.80502440003162, 'system_time': 31.821306800004095, 'gaze_x_left': -81.0, 'gaze_y_left': -302.0, 'gaze_x_right': None, 'gaze_y_right': None, 'pupil_left': 5, 'pupil_right': 0, 'avg_gaze_x': -81.0, 'avg_gaze_y': -302.0, 'avg_pupil_size': 2.5}, {'event_type': 'MonocularEyeSampleEventNT', 'event_id': 2301, 'logged_time': 31.82502440003162, 'system_time': 31.838451000046916, 'gaze_x_left': -79.0, 'gaze_y_left': -305.0, 'gaze_x_right': None, 'gaze_y_right': None, 'pupil_left': 5, 'pupil_right': 0, 'avg_gaze_x': -79.0, 'avg_gaze_y': -305.0, 'avg_pupil_size': 2.5}, {'event_type': 'MonocularEyeSampleEventNT', 'event_id': 2304, 'logged_time': 31.84502440003162, 'system_time': 31.8514078000444, 'gaze_x_left': -78.0, 'gaze_y_left': -306.0, 'gaze_x_right': None, 'gaze_y_right': None, 'pupil_left': 5, 'pupil_right': 0, 'avg_gaze_x': -78.0, 'avg_gaze_y': -306.0, 'avg_pupil_size': 2.5}, {'event_type': 'MonocularEyeSampleEventNT', 'event_id': 2307, 'logged_time': 31.86502440003162, 'system_time': 31.867330400040373, 'gaze_x_left': -78.0, 'gaze_y_left': -306.0, 'gaze_x_right': None, 'gaze_y_right': None, 'pupil_left': 5, 'pupil_right': 0, 'avg_gaze_x': -78.0, 'avg_gaze_y': -306.0, 'avg_pupil_size': 2.5}, {'event_type': 'MonocularEyeSampleEventNT', 'event_id': 2310, 'logged_time': 31.885024400031618, 'system_time': 31.89911250001751, 'gaze_x_left': -77.0, 'gaze_y_left': -309.0, 'gaze_x_right': None, 'gaze_y_right': None, 'pupil_left': 5, 'pupil_right': 0, 'avg_gaze_x': -77.0, 'avg_gaze_y': -309.0, 'avg_pupil_size': 2.5}, {'event_type': 'MonocularEyeSampleEventNT', 'event_id': 2312, 'logged_time': 31.905024400031618, 'system_time': 31.915360500046518, 'gaze_x_left': -76.0, 'gaze_y_left': -310.0, 'gaze_x_right': None, 'gaze_y_right': None, 'pupil_left': 5, 'pupil_right': 0, 'avg_gaze_x': -76.0, 'avg_gaze_y': -310.0, 'avg_pupil_size': 2.5}, {'event_type': 'MonocularEyeSampleEventNT', 'event_id': 2313, 'logged_time': 31.925024400031617, 'system_time': 31.932791400002316, 'gaze_x_left': -75.0, 'gaze_y_left': -311.0, 'gaze_x_right': None, 'gaze_y_right': None, 'pupil_left': 5, 'pupil_right': 0, 'avg_gaze_x': -75.0, 'avg_gaze_y': -311.0, 'avg_pupil_size': 2.5}, {'event_type': 'MonocularEyeSampleEventNT', 'event_id': 2315, 'logged_time': 31.945024400031617, 'system_time': 31.948486600012984, 'gaze_x_left': -75.0, 'gaze_y_left': -312.0, 'gaze_x_right': None, 'gaze_y_right': None, 'pupil_left': 5, 'pupil_right': 0, 'avg_gaze_x': -75.0, 'avg_gaze_y': -312.0, 'avg_pupil_size': 2.5}, {'event_type': 'MonocularEyeSampleEventNT', 'event_id': 2319, 'logged_time': 31.965024400031616, 'system_time': 31.980523000005633, 'gaze_x_left': -74.0, 'gaze_y_left': -313.0, 'gaze_x_right': None, 'gaze_y_right': None, 'pupil_left': 5, 'pupil_right': 0, 'avg_gaze_x': -74.0, 'avg_gaze_y': -313.0, 'avg_pupil_size': 2.5}, {'event_type': 'MonocularEyeSampleEventNT', 'event_id': 2320, 'logged_time': 31.985024400031616, 'system_time': 31.99633580003865, 'gaze_x_left': -74.0, 'gaze_y_left': -313.0, 'gaze_x_right': None, 'gaze_y_right': None, 'pupil_left': 5, 'pupil_right': 0, 'avg_gaze_x': -74.0, 'avg_gaze_y': -313.0, 'avg_pupil_size': 2.5}, {'event_type': 'MonocularEyeSampleEventNT', 'event_id': 2322, 'logged_time': 32.005024400031616, 'system_time': 32.01240680000046, 'gaze_x_left': -72.0, 'gaze_y_left': -314.0, 'gaze_x_right': None, 'gaze_y_right': None, 'pupil_left': 5, 'pupil_right': 0, 'avg_gaze_x': -72.0, 'avg_gaze_y': -314.0, 'avg_pupil_size': 2.5}, {'event_type': 'MonocularEyeSampleEventNT', 'event_id': 2324, 'logged_time': 32.02502440003162, 'system_time': 32.02719039999647, 'gaze_x_left': -71.0, 'gaze_y_left': -316.0, 'gaze_x_right': None, 'gaze_y_right': None, 'pupil_left': 5, 'pupil_right': 0, 'avg_gaze_x': -71.0, 'avg_gaze_y': -316.0, 'avg_pupil_size': 2.5}, {'event_type': 'MonocularEyeSampleEventNT', 'event_id': 2328, 'logged_time': 32.04502440003162, 'system_time': 32.059840700007044, 'gaze_x_left': -70.0, 'gaze_y_left': -317.0, 'gaze_x_right': None, 'gaze_y_right': None, 'pupil_left': 5, 'pupil_right': 0, 'avg_gaze_x': -70.0, 'avg_gaze_y': -317.0, 'avg_pupil_size': 2.5}, {'event_type': 'MonocularEyeSampleEventNT', 'event_id': 2329, 'logged_time': 32.065024400031625, 'system_time': 32.075948900019284, 'gaze_x_left': -70.0, 'gaze_y_left': -317.0, 'gaze_x_right': None, 'gaze_y_right': None, 'pupil_left': 5, 'pupil_right': 0, 'avg_gaze_x': -70.0, 'avg_gaze_y': -317.0, 'avg_pupil_size': 2.5}, {'event_type': 'MonocularEyeSampleEventNT', 'event_id': 2331, 'logged_time': 32.08502440003163, 'system_time': 32.09237700002268, 'gaze_x_left': -70.0, 'gaze_y_left': -318.0, 'gaze_x_right': None, 'gaze_y_right': None, 'pupil_left': 5, 'pupil_right': 0, 'avg_gaze_x': -70.0, 'avg_gaze_y': -318.0, 'avg_pupil_size': 2.5}, {'event_type': 'MonocularEyeSampleEventNT', 'event_id': 2333, 'logged_time': 32.10502440003163, 'system_time': 32.10911560000386, 'gaze_x_left': -69.0, 'gaze_y_left': -318.0, 'gaze_x_right': None, 'gaze_y_right': None, 'pupil_left': 5, 'pupil_right': 0, 'avg_gaze_x': -69.0, 'avg_gaze_y': -318.0, 'avg_pupil_size': 2.5}, {'event_type': 'MonocularEyeSampleEventNT', 'event_id': 2337, 'logged_time': 32.125024400031634, 'system_time': 32.13757750001969, 'gaze_x_left': -68.0, 'gaze_y_left': -322.0, 'gaze_x_right': None, 'gaze_y_right': None, 'pupil_left': 5, 'pupil_right': 0, 'avg_gaze_x': -68.0, 'avg_gaze_y': -322.0, 'avg_pupil_size': 2.5}, {'event_type': 'MonocularEyeSampleEventNT', 'event_id': 2338, 'logged_time': 32.14502440003164, 'system_time': 32.153234700032044, 'gaze_x_left': -68.0, 'gaze_y_left': -322.0, 'gaze_x_right': None, 'gaze_y_right': None, 'pupil_left': 5, 'pupil_right': 0, 'avg_gaze_x': -68.0, 'avg_gaze_y': -322.0, 'avg_pupil_size': 2.5}, {'event_type': 'MonocularEyeSampleEventNT', 'event_id': 2340, 'logged_time': 32.16502440003164, 'system_time': 32.1698228000314, 'gaze_x_left': -68.0, 'gaze_y_left': -325.0, 'gaze_x_right': None, 'gaze_y_right': None, 'pupil_left': 5, 'pupil_right': 0, 'avg_gaze_x': -68.0, 'avg_gaze_y': -325.0, 'avg_pupil_size': 2.5}, {'event_type': 'MonocularEyeSampleEventNT', 'event_id': 2343, 'logged_time': 32.185024400031644, 'system_time': 32.18567720003193, 'gaze_x_left': -68.0, 'gaze_y_left': -326.0, 'gaze_x_right': None, 'gaze_y_right': None, 'pupil_left': 5, 'pupil_right': 0, 'avg_gaze_x': -68.0, 'avg_gaze_y': -326.0, 'avg_pupil_size': 2.5}, {'event_type': 'MonocularEyeSampleEventNT', 'event_id': 2346, 'logged_time': 32.20502440003165, 'system_time': 32.21812370000407, 'gaze_x_left': -68.0, 'gaze_y_left': -328.0, 'gaze_x_right': None, 'gaze_y_right': None, 'pupil_left': 5, 'pupil_right': 0, 'avg_gaze_x': -68.0, 'avg_gaze_y': -328.0, 'avg_pupil_size': 2.5}, {'event_type': 'MonocularEyeSampleEventNT', 'event_id': 2348, 'logged_time': 32.22502440003165, 'system_time': 32.234580200049095, 'gaze_x_left': -68.0, 'gaze_y_left': -328.0, 'gaze_x_right': None, 'gaze_y_right': None, 'pupil_left': 5, 'pupil_right': 0, 'avg_gaze_x': -68.0, 'avg_gaze_y': -328.0, 'avg_pupil_size': 2.5}, {'event_type': 'MonocularEyeSampleEventNT', 'event_id': 2349, 'logged_time': 32.24502440003165, 'system_time': 32.24892879999243, 'gaze_x_left': -68.0, 'gaze_y_left': -328.0, 'gaze_x_right': None, 'gaze_y_right': None, 'pupil_left': 5, 'pupil_right': 0, 'avg_gaze_x': -68.0, 'avg_gaze_y': -328.0, 'avg_pupil_size': 2.5}, {'event_type': 'MonocularEyeSampleEventNT', 'event_id': 2350, 'logged_time': 32.265024400031656, 'system_time': 32.28197250002995, 'gaze_x_left': -68.0, 'gaze_y_left': -328.0, 'gaze_x_right': None, 'gaze_y_right': None, 'pupil_left': 5, 'pupil_right': 0, 'avg_gaze_x': -68.0, 'avg_gaze_y': -328.0, 'avg_pupil_size': 2.5}, {'event_type': 'MonocularEyeSampleEventNT', 'event_id': 2351, 'logged_time': 32.28502440003166, 'system_time': 32.29761230002623, 'gaze_x_left': -68.0, 'gaze_y_left': -328.0, 'gaze_x_right': None, 'gaze_y_right': None, 'pupil_left': 5, 'pupil_right': 0, 'avg_gaze_x': -68.0, 'avg_gaze_y': -328.0, 'avg_pupil_size': 2.5}, {'event_type': 'MonocularEyeSampleEventNT', 'event_id': 2352, 'logged_time': 32.30502440003166, 'system_time': 32.31350340001518, 'gaze_x_left': -68.0, 'gaze_y_left': -329.0, 'gaze_x_right': None, 'gaze_y_right': None, 'pupil_left': 5, 'pupil_right': 0, 'avg_gaze_x': -68.0, 'avg_gaze_y': -329.0, 'avg_pupil_size': 2.5}, {'event_type': 'MonocularEyeSampleEventNT', 'event_id': 2354, 'logged_time': 32.325024400031666, 'system_time': 32.32944729999872, 'gaze_x_left': -68.0, 'gaze_y_left': -329.0, 'gaze_x_right': None, 'gaze_y_right': None, 'pupil_left': 5, 'pupil_right': 0, 'avg_gaze_x': -68.0, 'avg_gaze_y': -329.0, 'avg_pupil_size': 2.5}, {'event_type': 'MonocularEyeSampleEventNT', 'event_id': 2358, 'logged_time': 32.34502440003167, 'system_time': 32.35929120000219, 'gaze_x_left': -68.0, 'gaze_y_left': -330.0, 'gaze_x_right': None, 'gaze_y_right': None, 'pupil_left': 5, 'pupil_right': 0, 'avg_gaze_x': -68.0, 'avg_gaze_y': -330.0, 'avg_pupil_size': 2.5}, {'event_type': 'MonocularEyeSampleEventNT', 'event_id': 2359, 'logged_time': 32.36502440003167, 'system_time': 32.37533320003422, 'gaze_x_left': -68.0, 'gaze_y_left': -330.0, 'gaze_x_right': None, 'gaze_y_right': None, 'pupil_left': 5, 'pupil_right': 0, 'avg_gaze_x': -68.0, 'avg_gaze_y': -330.0, 'avg_pupil_size': 2.5}, {'event_type': 'MonocularEyeSampleEventNT', 'event_id': 2360, 'logged_time': 32.385024400031675, 'system_time': 32.39241440000478, 'gaze_x_left': -68.0, 'gaze_y_left': -330.0, 'gaze_x_right': None, 'gaze_y_right': None, 'pupil_left': 5, 'pupil_right': 0, 'avg_gaze_x': -68.0, 'avg_gaze_y': -330.0, 'avg_pupil_size': 2.5}, {'event_type': 'MonocularEyeSampleEventNT', 'event_id': 2361, 'logged_time': 32.40502440003168, 'system_time': 32.408556700043846, 'gaze_x_left': -68.0, 'gaze_y_left': -330.0, 'gaze_x_right': None, 'gaze_y_right': None, 'pupil_left': 5, 'pupil_right': 0, 'avg_gaze_x': -68.0, 'avg_gaze_y': -330.0, 'avg_pupil_size': 2.5}, {'event_type': 'MonocularEyeSampleEventNT', 'event_id': 2365, 'logged_time': 32.42502440003168, 'system_time': 32.4404989000177, 'gaze_x_left': -67.0, 'gaze_y_left': -330.0, 'gaze_x_right': None, 'gaze_y_right': None, 'pupil_left': 5, 'pupil_right': 0, 'avg_gaze_x': -67.0, 'avg_gaze_y': -330.0, 'avg_pupil_size': 2.5}, {'event_type': 'MonocularEyeSampleEventNT', 'event_id': 2366, 'logged_time': 32.445024400031684, 'system_time': 32.456585700041614, 'gaze_x_left': -67.0, 'gaze_y_left': -329.0, 'gaze_x_right': None, 'gaze_y_right': None, 'pupil_left': 5, 'pupil_right': 0, 'avg_gaze_x': -67.0, 'avg_gaze_y': -329.0, 'avg_pupil_size': 2.5}, {'event_type': 'MonocularEyeSampleEventNT', 'event_id': 2368, 'logged_time': 32.46502440003169, 'system_time': 32.47283490002155, 'gaze_x_left': -65.0, 'gaze_y_left': -326.0, 'gaze_x_right': None, 'gaze_y_right': None, 'pupil_left': 5, 'pupil_right': 0, 'avg_gaze_x': -65.0, 'avg_gaze_y': -326.0, 'avg_pupil_size': 2.5}, {'event_type': 'MonocularEyeSampleEventNT', 'event_id': 2370, 'logged_time': 32.48502440003169, 'system_time': 32.48791250004433, 'gaze_x_left': -64.0, 'gaze_y_left': -323.0, 'gaze_x_right': None, 'gaze_y_right': None, 'pupil_left': 5, 'pupil_right': 0, 'avg_gaze_x': -64.0, 'avg_gaze_y': -323.0, 'avg_pupil_size': 2.5}, {'event_type': 'MonocularEyeSampleEventNT', 'event_id': 2375, 'logged_time': 32.505024400031694, 'system_time': 32.519999900017865, 'gaze_x_left': -61.0, 'gaze_y_left': -314.0, 'gaze_x_right': None, 'gaze_y_right': None, 'pupil_left': 5, 'pupil_right': 0, 'avg_gaze_x': -61.0, 'avg_gaze_y': -314.0, 'avg_pupil_size': 2.5}, {'event_type': 'MonocularEyeSampleEventNT', 'event_id': 2377, 'logged_time': 32.5250244000317, 'system_time': 32.53551100002369, 'gaze_x_left': -60.0, 'gaze_y_left': -314.0, 'gaze_x_right': None, 'gaze_y_right': None, 'pupil_left': 5, 'pupil_right': 0, 'avg_gaze_x': -60.0, 'avg_gaze_y': -314.0, 'avg_pupil_size': 2.5}, {'event_type': 'MonocularEyeSampleEventNT', 'event_id': 2378, 'logged_time': 32.5450244000317, 'system_time': 32.55170900002122, 'gaze_x_left': -60.0, 'gaze_y_left': -313.0, 'gaze_x_right': None, 'gaze_y_right': None, 'pupil_left': 5, 'pupil_right': 0, 'avg_gaze_x': -60.0, 'avg_gaze_y': -313.0, 'avg_pupil_size': 2.5}, {'event_type': 'MonocularEyeSampleEventNT', 'event_id': 2380, 'logged_time': 32.5650244000317, 'system_time': 32.56737280002562, 'gaze_x_left': -60.0, 'gaze_y_left': -312.0, 'gaze_x_right': None, 'gaze_y_right': None, 'pupil_left': 5, 'pupil_right': 0, 'avg_gaze_x': -60.0, 'avg_gaze_y': -312.0, 'avg_pupil_size': 2.5}, {'event_type': 'MonocularEyeSampleEventNT', 'event_id': 2382, 'logged_time': 32.585024400031706, 'system_time': 32.598939200048335, 'gaze_x_left': -60.0, 'gaze_y_left': -312.0, 'gaze_x_right': None, 'gaze_y_right': None, 'pupil_left': 5, 'pupil_right': 0, 'avg_gaze_x': -60.0, 'avg_gaze_y': -312.0, 'avg_pupil_size': 2.5}, {'event_type': 'MonocularEyeSampleEventNT', 'event_id': 2383, 'logged_time': 32.60502440003171, 'system_time': 32.61490630003391, 'gaze_x_left': -59.0, 'gaze_y_left': -311.0, 'gaze_x_right': None, 'gaze_y_right': None, 'pupil_left': 5, 'pupil_right': 0, 'avg_gaze_x': -59.0, 'avg_gaze_y': -311.0, 'avg_pupil_size': 2.5}, {'event_type': 'MonocularEyeSampleEventNT', 'event_id': 2385, 'logged_time': 32.62502440003171, 'system_time': 32.63101730000926, 'gaze_x_left': -59.0, 'gaze_y_left': -310.0, 'gaze_x_right': None, 'gaze_y_right': None, 'pupil_left': 5, 'pupil_right': 0, 'avg_gaze_x': -59.0, 'avg_gaze_y': -310.0, 'avg_pupil_size': 2.5}, {'event_type': 'MonocularEyeSampleEventNT', 'event_id': 2387, 'logged_time': 32.645024400031716, 'system_time': 32.64716029999545, 'gaze_x_left': -58.0, 'gaze_y_left': -308.0, 'gaze_x_right': None, 'gaze_y_right': None, 'pupil_left': 5, 'pupil_right': 0, 'avg_gaze_x': -58.0, 'avg_gaze_y': -308.0, 'avg_pupil_size': 2.5}, {'event_type': 'MonocularEyeSampleEventNT', 'event_id': 2391, 'logged_time': 32.66502440003172, 'system_time': 32.67719420004869, 'gaze_x_left': -55.0, 'gaze_y_left': -305.0, 'gaze_x_right': None, 'gaze_y_right': None, 'pupil_left': 5, 'pupil_right': 0, 'avg_gaze_x': -55.0, 'avg_gaze_y': -305.0, 'avg_pupil_size': 2.5}, {'event_type': 'MonocularEyeSampleEventNT', 'event_id': 2392, 'logged_time': 32.68502440003172, 'system_time': 32.694198700017296, 'gaze_x_left': -55.0, 'gaze_y_left': -303.0, 'gaze_x_right': None, 'gaze_y_right': None, 'pupil_left': 5, 'pupil_right': 0, 'avg_gaze_x': -55.0, 'avg_gaze_y': -303.0, 'avg_pupil_size': 2.5}, {'event_type': 'MonocularEyeSampleEventNT', 'event_id': 2394, 'logged_time': 32.705024400031725, 'system_time': 32.71054880000884, 'gaze_x_left': -55.0, 'gaze_y_left': -303.0, 'gaze_x_right': None, 'gaze_y_right': None, 'pupil_left': 5, 'pupil_right': 0, 'avg_gaze_x': -55.0, 'avg_gaze_y': -303.0, 'avg_pupil_size': 2.5}, {'event_type': 'MonocularEyeSampleEventNT', 'event_id': 2395, 'logged_time': 32.72502440003173, 'system_time': 32.72653420001734, 'gaze_x_left': -55.0, 'gaze_y_left': -303.0, 'gaze_x_right': None, 'gaze_y_right': None, 'pupil_left': 5, 'pupil_right': 0, 'avg_gaze_x': -55.0, 'avg_gaze_y': -303.0, 'avg_pupil_size': 2.5}, {'event_type': 'MonocularEyeSampleEventNT', 'event_id': 2396, 'logged_time': 32.74502440003173, 'system_time': 32.75789460004307, 'gaze_x_left': -55.0, 'gaze_y_left': -303.0, 'gaze_x_right': None, 'gaze_y_right': None, 'pupil_left': 5, 'pupil_right': 0, 'avg_gaze_x': -55.0, 'avg_gaze_y': -303.0, 'avg_pupil_size': 2.5}, {'event_type': 'MonocularEyeSampleEventNT', 'event_id': 2397, 'logged_time': 32.765024400031734, 'system_time': 32.77421540004434, 'gaze_x_left': -55.0, 'gaze_y_left': -303.0, 'gaze_x_right': None, 'gaze_y_right': None, 'pupil_left': 5, 'pupil_right': 0, 'avg_gaze_x': -55.0, 'avg_gaze_y': -303.0, 'avg_pupil_size': 2.5}, {'event_type': 'MonocularEyeSampleEventNT', 'event_id': 2398, 'logged_time': 32.78502440003174, 'system_time': 32.79067750001559, 'gaze_x_left': -54.0, 'gaze_y_left': -303.0, 'gaze_x_right': None, 'gaze_y_right': None, 'pupil_left': 5, 'pupil_right': 0, 'avg_gaze_x': -54.0, 'avg_gaze_y': -303.0, 'avg_pupil_size': 2.5}, {'event_type': 'MonocularEyeSampleEventNT', 'event_id': 2400, 'logged_time': 32.80502440003174, 'system_time': 32.80773040000349, 'gaze_x_left': -54.0, 'gaze_y_left': -303.0, 'gaze_x_right': None, 'gaze_y_right': None, 'pupil_left': 5, 'pupil_right': 0, 'avg_gaze_x': -54.0, 'avg_gaze_y': -303.0, 'avg_pupil_size': 2.5}, {'event_type': 'MonocularEyeSampleEventNT', 'event_id': 2404, 'logged_time': 32.825024400031744, 'system_time': 32.83982510003261, 'gaze_x_left': -52.0, 'gaze_y_left': -303.0, 'gaze_x_right': None, 'gaze_y_right': None, 'pupil_left': 5, 'pupil_right': 0, 'avg_gaze_x': -52.0, 'avg_gaze_y': -303.0, 'avg_pupil_size': 2.5}, {'event_type': 'MonocularEyeSampleEventNT', 'event_id': 2405, 'logged_time': 32.84502440003175, 'system_time': 32.855642900045495, 'gaze_x_left': -51.0, 'gaze_y_left': -303.0, 'gaze_x_right': None, 'gaze_y_right': None, 'pupil_left': 5, 'pupil_right': 0, 'avg_gaze_x': -51.0, 'avg_gaze_y': -303.0, 'avg_pupil_size': 2.5}, {'event_type': 'MonocularEyeSampleEventNT', 'event_id': 2407, 'logged_time': 32.86502440003175, 'system_time': 32.87120029999642, 'gaze_x_left': -50.0, 'gaze_y_left': -302.0, 'gaze_x_right': None, 'gaze_y_right': None, 'pupil_left': 5, 'pupil_right': 0, 'avg_gaze_x': -50.0, 'avg_gaze_y': -302.0, 'avg_pupil_size': 2.5}, {'event_type': 'MonocularEyeSampleEventNT', 'event_id': 2409, 'logged_time': 32.88502440003175, 'system_time': 32.88728359999368, 'gaze_x_left': -49.0, 'gaze_y_left': -302.0, 'gaze_x_right': None, 'gaze_y_right': None, 'pupil_left': 5, 'pupil_right': 0, 'avg_gaze_x': -49.0, 'avg_gaze_y': -302.0, 'avg_pupil_size': 2.5}, {'event_type': 'MonocularEyeSampleEventNT', 'event_id': 2411, 'logged_time': 32.905024400031756, 'system_time': 32.91711169999326, 'gaze_x_left': -49.0, 'gaze_y_left': -302.0, 'gaze_x_right': None, 'gaze_y_right': None, 'pupil_left': 5, 'pupil_right': 0, 'avg_gaze_x': -49.0, 'avg_gaze_y': -302.0, 'avg_pupil_size': 2.5}, {'event_type': 'MonocularEyeSampleEventNT', 'event_id': 2412, 'logged_time': 32.92502440003176, 'system_time': 32.93304510001326, 'gaze_x_left': -49.0, 'gaze_y_left': -302.0, 'gaze_x_right': None, 'gaze_y_right': None, 'pupil_left': 5, 'pupil_right': 0, 'avg_gaze_x': -49.0, 'avg_gaze_y': -302.0, 'avg_pupil_size': 2.5}, {'event_type': 'MonocularEyeSampleEventNT', 'event_id': 2413, 'logged_time': 32.94502440003176, 'system_time': 32.94971120002447, 'gaze_x_left': -48.0, 'gaze_y_left': -302.0, 'gaze_x_right': None, 'gaze_y_right': None, 'pupil_left': 5, 'pupil_right': 0, 'avg_gaze_x': -48.0, 'avg_gaze_y': -302.0, 'avg_pupil_size': 2.5}, {'event_type': 'MonocularEyeSampleEventNT', 'event_id': 2415, 'logged_time': 32.965024400031766, 'system_time': 32.966780800023116, 'gaze_x_left': -46.0, 'gaze_y_left': -301.0, 'gaze_x_right': None, 'gaze_y_right': None, 'pupil_left': 5, 'pupil_right': 0, 'avg_gaze_x': -46.0, 'avg_gaze_y': -301.0, 'avg_pupil_size': 2.5}, {'event_type': 'MonocularEyeSampleEventNT', 'event_id': 2419, 'logged_time': 32.98502440003177, 'system_time': 32.9982161000371, 'gaze_x_left': -43.0, 'gaze_y_left': -299.0, 'gaze_x_right': None, 'gaze_y_right': None, 'pupil_left': 5, 'pupil_right': 0, 'avg_gaze_x': -43.0, 'avg_gaze_y': -299.0, 'avg_pupil_size': 2.5}, {'event_type': 'MonocularEyeSampleEventNT', 'event_id': 2421, 'logged_time': 33.00502440003177, 'system_time': 33.01410820003366, 'gaze_x_left': -42.0, 'gaze_y_left': -299.0, 'gaze_x_right': None, 'gaze_y_right': None, 'pupil_left': 5, 'pupil_right': 0, 'avg_gaze_x': -42.0, 'avg_gaze_y': -299.0, 'avg_pupil_size': 2.5}, {'event_type': 'MonocularEyeSampleEventNT', 'event_id': 2422, 'logged_time': 33.025024400031775, 'system_time': 33.03026810003212, 'gaze_x_left': -41.0, 'gaze_y_left': -298.0, 'gaze_x_right': None, 'gaze_y_right': None, 'pupil_left': 5, 'pupil_right': 0, 'avg_gaze_x': -41.0, 'avg_gaze_y': -298.0, 'avg_pupil_size': 2.5}, {'event_type': 'MonocularEyeSampleEventNT', 'event_id': 2426, 'logged_time': 33.04502440003178, 'system_time': 33.06176450004568, 'gaze_x_left': -40.0, 'gaze_y_left': -297.0, 'gaze_x_right': None, 'gaze_y_right': None, 'pupil_left': 5, 'pupil_right': 0, 'avg_gaze_x': -40.0, 'avg_gaze_y': -297.0, 'avg_pupil_size': 2.5}, {'event_type': 'MonocularEyeSampleEventNT', 'event_id': 2427, 'logged_time': 33.06502440003178, 'system_time': 33.078353100048844, 'gaze_x_left': -39.0, 'gaze_y_left': -295.0, 'gaze_x_right': None, 'gaze_y_right': None, 'pupil_left': 5, 'pupil_right': 0, 'avg_gaze_x': -39.0, 'avg_gaze_y': -295.0, 'avg_pupil_size': 2.5}, {'event_type': 'MonocularEyeSampleEventNT', 'event_id': 2429, 'logged_time': 33.085024400031784, 'system_time': 33.09473740000976, 'gaze_x_left': -38.0, 'gaze_y_left': -295.0, 'gaze_x_right': None, 'gaze_y_right': None, 'pupil_left': 5, 'pupil_right': 0, 'avg_gaze_x': -38.0, 'avg_gaze_y': -295.0, 'avg_pupil_size': 2.5}, {'event_type': 'MonocularEyeSampleEventNT', 'event_id': 2431, 'logged_time': 33.10502440003179, 'system_time': 33.11080610001227, 'gaze_x_left': -38.0, 'gaze_y_left': -293.0, 'gaze_x_right': None, 'gaze_y_right': None, 'pupil_left': 5, 'pupil_right': 0, 'avg_gaze_x': -38.0, 'avg_gaze_y': -293.0, 'avg_pupil_size': 2.5}, {'event_type': 'MonocularEyeSampleEventNT', 'event_id': 2435, 'logged_time': 33.12502440003179, 'system_time': 33.14157590002287, 'gaze_x_left': -37.0, 'gaze_y_left': -289.0, 'gaze_x_right': None, 'gaze_y_right': None, 'pupil_left': 5, 'pupil_right': 0, 'avg_gaze_x': -37.0, 'avg_gaze_y': -289.0, 'avg_pupil_size': 2.5}, {'event_type': 'MonocularEyeSampleEventNT', 'event_id': 2436, 'logged_time': 33.145024400031794, 'system_time': 33.15709250001237, 'gaze_x_left': -35.0, 'gaze_y_left': -286.0, 'gaze_x_right': None, 'gaze_y_right': None, 'pupil_left': 5, 'pupil_right': 0, 'avg_gaze_x': -35.0, 'avg_gaze_y': -286.0, 'avg_pupil_size': 2.5}, {'event_type': 'MonocularEyeSampleEventNT', 'event_id': 2438, 'logged_time': 33.1650244000318, 'system_time': 33.17326440004399, 'gaze_x_left': -35.0, 'gaze_y_left': -284.0, 'gaze_x_right': None, 'gaze_y_right': None, 'pupil_left': 5, 'pupil_right': 0, 'avg_gaze_x': -35.0, 'avg_gaze_y': -284.0, 'avg_pupil_size': 2.5}, {'event_type': 'MonocularEyeSampleEventNT', 'event_id': 2440, 'logged_time': 33.1850244000318, 'system_time': 33.18935770000098, 'gaze_x_left': -33.0, 'gaze_y_left': -282.0, 'gaze_x_right': None, 'gaze_y_right': None, 'pupil_left': 5, 'pupil_right': 0, 'avg_gaze_x': -33.0, 'avg_gaze_y': -282.0, 'avg_pupil_size': 2.5}, {'event_type': 'MonocularEyeSampleEventNT', 'event_id': 2444, 'logged_time': 33.2050244000318, 'system_time': 33.22219270002097, 'gaze_x_left': -32.0, 'gaze_y_left': -278.0, 'gaze_x_right': None, 'gaze_y_right': None, 'pupil_left': 5, 'pupil_right': 0, 'avg_gaze_x': -32.0, 'avg_gaze_y': -278.0, 'avg_pupil_size': 2.5}, {'event_type': 'MonocularEyeSampleEventNT', 'event_id': 2445, 'logged_time': 33.225024400031806, 'system_time': 33.23851970001124, 'gaze_x_left': -31.0, 'gaze_y_left': -274.0, 'gaze_x_right': None, 'gaze_y_right': None, 'pupil_left': 5, 'pupil_right': 0, 'avg_gaze_x': -31.0, 'avg_gaze_y': -274.0, 'avg_pupil_size': 2.5}, {'event_type': 'MonocularEyeSampleEventNT', 'event_id': 2447, 'logged_time': 33.24502440003181, 'system_time': 33.25518520001788, 'gaze_x_left': -31.0, 'gaze_y_left': -272.0, 'gaze_x_right': None, 'gaze_y_right': None, 'pupil_left': 5, 'pupil_right': 0, 'avg_gaze_x': -31.0, 'avg_gaze_y': -272.0, 'avg_pupil_size': 2.5}, {'event_type': 'MonocularEyeSampleEventNT', 'event_id': 2449, 'logged_time': 33.26502440003181, 'system_time': 33.27074670000002, 'gaze_x_left': -31.0, 'gaze_y_left': -270.0, 'gaze_x_right': None, 'gaze_y_right': None, 'pupil_left': 5, 'pupil_right': 0, 'avg_gaze_x': -31.0, 'avg_gaze_y': -270.0, 'avg_pupil_size': 2.5}, {'event_type': 'MonocularEyeSampleEventNT', 'event_id': 2451, 'logged_time': 33.285024400031816, 'system_time': 33.28598010004498, 'gaze_x_left': -31.0, 'gaze_y_left': -269.0, 'gaze_x_right': None, 'gaze_y_right': None, 'pupil_left': 5, 'pupil_right': 0, 'avg_gaze_x': -31.0, 'avg_gaze_y': -269.0, 'avg_pupil_size': 2.5}, {'event_type': 'MonocularEyeSampleEventNT', 'event_id': 2455, 'logged_time': 33.30502440003182, 'system_time': 33.31833140004892, 'gaze_x_left': -31.0, 'gaze_y_left': -266.0, 'gaze_x_right': None, 'gaze_y_right': None, 'pupil_left': 5, 'pupil_right': 0, 'avg_gaze_x': -31.0, 'avg_gaze_y': -266.0, 'avg_pupil_size': 2.5}, {'event_type': 'MonocularEyeSampleEventNT', 'event_id': 2456, 'logged_time': 33.32502440003182, 'system_time': 33.33451050001895, 'gaze_x_left': -30.0, 'gaze_y_left': -265.0, 'gaze_x_right': None, 'gaze_y_right': None, 'pupil_left': 5, 'pupil_right': 0, 'avg_gaze_x': -30.0, 'avg_gaze_y': -265.0, 'avg_pupil_size': 2.5}, {'event_type': 'MonocularEyeSampleEventNT', 'event_id': 2458, 'logged_time': 33.345024400031825, 'system_time': 33.3503809000249, 'gaze_x_left': -30.0, 'gaze_y_left': -263.0, 'gaze_x_right': None, 'gaze_y_right': None, 'pupil_left': 5, 'pupil_right': 0, 'avg_gaze_x': -30.0, 'avg_gaze_y': -263.0, 'avg_pupil_size': 2.5}, {'event_type': 'MonocularEyeSampleEventNT', 'event_id': 2460, 'logged_time': 33.36502440003183, 'system_time': 33.36637180001708, 'gaze_x_left': -29.0, 'gaze_y_left': -262.0, 'gaze_x_right': None, 'gaze_y_right': None, 'pupil_left': 5, 'pupil_right': 0, 'avg_gaze_x': -29.0, 'avg_gaze_y': -262.0, 'avg_pupil_size': 2.5}, {'event_type': 'MonocularEyeSampleEventNT', 'event_id': 2464, 'logged_time': 33.38502440003183, 'system_time': 33.398475699999835, 'gaze_x_left': -27.0, 'gaze_y_left': -257.0, 'gaze_x_right': None, 'gaze_y_right': None, 'pupil_left': 5, 'pupil_right': 0, 'avg_gaze_x': -27.0, 'avg_gaze_y': -257.0, 'avg_pupil_size': 2.5}, {'event_type': 'MonocularEyeSampleEventNT', 'event_id': 2465, 'logged_time': 33.405024400031834, 'system_time': 33.41403600003105, 'gaze_x_left': -27.0, 'gaze_y_left': -255.0, 'gaze_x_right': None, 'gaze_y_right': None, 'pupil_left': 5, 'pupil_right': 0, 'avg_gaze_x': -27.0, 'avg_gaze_y': -255.0, 'avg_pupil_size': 2.5}, {'event_type': 'MonocularEyeSampleEventNT', 'event_id': 2467, 'logged_time': 33.42502440003184, 'system_time': 33.42990590003319, 'gaze_x_left': -25.0, 'gaze_y_left': -253.0, 'gaze_x_right': None, 'gaze_y_right': None, 'pupil_left': 5, 'pupil_right': 0, 'avg_gaze_x': -25.0, 'avg_gaze_y': -253.0, 'avg_pupil_size': 2.5}, {'event_type': 'MonocularEyeSampleEventNT', 'event_id': 2469, 'logged_time': 33.44502440003184, 'system_time': 33.44741870003054, 'gaze_x_left': -25.0, 'gaze_y_left': -252.0, 'gaze_x_right': None, 'gaze_y_right': None, 'pupil_left': 5, 'pupil_right': 0, 'avg_gaze_x': -25.0, 'avg_gaze_y': -252.0, 'avg_pupil_size': 2.5}, {'event_type': 'MonocularEyeSampleEventNT', 'event_id': 2473, 'logged_time': 33.465024400031844, 'system_time': 33.47911220003152, 'gaze_x_left': -23.0, 'gaze_y_left': -245.0, 'gaze_x_right': None, 'gaze_y_right': None, 'pupil_left': 5, 'pupil_right': 0, 'avg_gaze_x': -23.0, 'avg_gaze_y': -245.0, 'avg_pupil_size': 2.5}, {'event_type': 'MonocularEyeSampleEventNT', 'event_id': 2474, 'logged_time': 33.48502440003185, 'system_time': 33.493964400026016, 'gaze_x_left': -23.0, 'gaze_y_left': -242.0, 'gaze_x_right': None, 'gaze_y_right': None, 'pupil_left': 5, 'pupil_right': 0, 'avg_gaze_x': -23.0, 'avg_gaze_y': -242.0, 'avg_pupil_size': 2.5}, {'event_type': 'MonocularEyeSampleEventNT', 'event_id': 2477, 'logged_time': 33.50502440003185, 'system_time': 33.509946000005584, 'gaze_x_left': -23.0, 'gaze_y_left': -240.0, 'gaze_x_right': None, 'gaze_y_right': None, 'pupil_left': 5, 'pupil_right': 0, 'avg_gaze_x': -23.0, 'avg_gaze_y': -240.0, 'avg_pupil_size': 2.5}, {'event_type': 'MonocularEyeSampleEventNT', 'event_id': 2481, 'logged_time': 33.52502440003185, 'system_time': 33.54190740000922, 'gaze_x_left': -21.0, 'gaze_y_left': -237.0, 'gaze_x_right': None, 'gaze_y_right': None, 'pupil_left': 5, 'pupil_right': 0, 'avg_gaze_x': -21.0, 'avg_gaze_y': -237.0, 'avg_pupil_size': 2.5}, {'event_type': 'MonocularEyeSampleEventNT', 'event_id': 2482, 'logged_time': 33.545024400031856, 'system_time': 33.55679190001683, 'gaze_x_left': -21.0, 'gaze_y_left': -236.0, 'gaze_x_right': None, 'gaze_y_right': None, 'pupil_left': 5, 'pupil_right': 0, 'avg_gaze_x': -21.0, 'avg_gaze_y': -236.0, 'avg_pupil_size': 2.5}, {'event_type': 'MonocularEyeSampleEventNT', 'event_id': 2484, 'logged_time': 33.56502440003186, 'system_time': 33.57271979999496, 'gaze_x_left': -21.0, 'gaze_y_left': -234.0, 'gaze_x_right': None, 'gaze_y_right': None, 'pupil_left': 5, 'pupil_right': 0, 'avg_gaze_x': -21.0, 'avg_gaze_y': -234.0, 'avg_pupil_size': 2.5}, {'event_type': 'MonocularEyeSampleEventNT', 'event_id': 2486, 'logged_time': 33.58502440003186, 'system_time': 33.589583299995866, 'gaze_x_left': -21.0, 'gaze_y_left': -232.0, 'gaze_x_right': None, 'gaze_y_right': None, 'pupil_left': 5, 'pupil_right': 0, 'avg_gaze_x': -21.0, 'avg_gaze_y': -232.0, 'avg_pupil_size': 2.5}, {'event_type': 'MonocularEyeSampleEventNT', 'event_id': 2490, 'logged_time': 33.605024400031866, 'system_time': 33.620538000017405, 'gaze_x_left': -20.0, 'gaze_y_left': -230.0, 'gaze_x_right': None, 'gaze_y_right': None, 'pupil_left': 5, 'pupil_right': 0, 'avg_gaze_x': -20.0, 'avg_gaze_y': -230.0, 'avg_pupil_size': 2.5}, {'event_type': 'MonocularEyeSampleEventNT', 'event_id': 2491, 'logged_time': 33.62502440003187, 'system_time': 33.636017000011634, 'gaze_x_left': -19.0, 'gaze_y_left': -226.0, 'gaze_x_right': None, 'gaze_y_right': None, 'pupil_left': 5, 'pupil_right': 0, 'avg_gaze_x': -19.0, 'avg_gaze_y': -226.0, 'avg_pupil_size': 2.5}, {'event_type': 'MonocularEyeSampleEventNT', 'event_id': 2494, 'logged_time': 33.64502440003187, 'system_time': 33.6521241000155, 'gaze_x_left': -19.0, 'gaze_y_left': -224.0, 'gaze_x_right': None, 'gaze_y_right': None, 'pupil_left': 5, 'pupil_right': 0, 'avg_gaze_x': -19.0, 'avg_gaze_y': -224.0, 'avg_pupil_size': 2.5}, {'event_type': 'MonocularEyeSampleEventNT', 'event_id': 2496, 'logged_time': 33.665024400031875, 'system_time': 33.66788180003641, 'gaze_x_left': -18.0, 'gaze_y_left': -221.0, 'gaze_x_right': None, 'gaze_y_right': None, 'pupil_left': 5, 'pupil_right': 0, 'avg_gaze_x': -18.0, 'avg_gaze_y': -221.0, 'avg_pupil_size': 2.5}, {'event_type': 'MonocularEyeSampleEventNT', 'event_id': 2500, 'logged_time': 33.68502440003188, 'system_time': 33.70171839999966, 'gaze_x_left': -17.0, 'gaze_y_left': -216.0, 'gaze_x_right': None, 'gaze_y_right': None, 'pupil_left': 5, 'pupil_right': 0, 'avg_gaze_x': -17.0, 'avg_gaze_y': -216.0, 'avg_pupil_size': 2.5}, {'event_type': 'MonocularEyeSampleEventNT', 'event_id': 2502, 'logged_time': 33.70502440003188, 'system_time': 33.717171200027224, 'gaze_x_left': -16.0, 'gaze_y_left': -213.0, 'gaze_x_right': None, 'gaze_y_right': None, 'pupil_left': 5, 'pupil_right': 0, 'avg_gaze_x': -16.0, 'avg_gaze_y': -213.0, 'avg_pupil_size': 2.5}, {'event_type': 'MonocularEyeSampleEventNT', 'event_id': 2503, 'logged_time': 33.725024400031884, 'system_time': 33.73327120003523, 'gaze_x_left': -15.0, 'gaze_y_left': -206.0, 'gaze_x_right': None, 'gaze_y_right': None, 'pupil_left': 5, 'pupil_right': 0, 'avg_gaze_x': -15.0, 'avg_gaze_y': -206.0, 'avg_pupil_size': 2.5}, {'event_type': 'MonocularEyeSampleEventNT', 'event_id': 2505, 'logged_time': 33.74502440003189, 'system_time': 33.74860890000127, 'gaze_x_left': -14.0, 'gaze_y_left': -201.0, 'gaze_x_right': None, 'gaze_y_right': None, 'pupil_left': 5, 'pupil_right': 0, 'avg_gaze_x': -14.0, 'avg_gaze_y': -201.0, 'avg_pupil_size': 2.5}, {'event_type': 'MonocularEyeSampleEventNT', 'event_id': 2509, 'logged_time': 33.76502440003189, 'system_time': 33.78151060000528, 'gaze_x_left': -13.0, 'gaze_y_left': -196.0, 'gaze_x_right': None, 'gaze_y_right': None, 'pupil_left': 5, 'pupil_right': 0, 'avg_gaze_x': -13.0, 'avg_gaze_y': -196.0, 'avg_pupil_size': 2.5}, {'event_type': 'MonocularEyeSampleEventNT', 'event_id': 2510, 'logged_time': 33.785024400031894, 'system_time': 33.79621100000804, 'gaze_x_left': -11.0, 'gaze_y_left': -194.0, 'gaze_x_right': None, 'gaze_y_right': None, 'pupil_left': 5, 'pupil_right': 0, 'avg_gaze_x': -11.0, 'avg_gaze_y': -194.0, 'avg_pupil_size': 2.5}, {'event_type': 'MonocularEyeSampleEventNT', 'event_id': 2512, 'logged_time': 33.8050244000319, 'system_time': 33.813007900025696, 'gaze_x_left': -11.0, 'gaze_y_left': -192.0, 'gaze_x_right': None, 'gaze_y_right': None, 'pupil_left': 5, 'pupil_right': 0, 'avg_gaze_x': -11.0, 'avg_gaze_y': -192.0, 'avg_pupil_size': 2.5}, {'event_type': 'MonocularEyeSampleEventNT', 'event_id': 2514, 'logged_time': 33.8250244000319, 'system_time': 33.82836750004208, 'gaze_x_left': -10.0, 'gaze_y_left': -189.0, 'gaze_x_right': None, 'gaze_y_right': None, 'pupil_left': 5, 'pupil_right': 0, 'avg_gaze_x': -10.0, 'avg_gaze_y': -189.0, 'avg_pupil_size': 2.5}, {'event_type': 'MonocularEyeSampleEventNT', 'event_id': 2518, 'logged_time': 33.8450244000319, 'system_time': 33.86062360001961, 'gaze_x_left': -7.0, 'gaze_y_left': -185.0, 'gaze_x_right': None, 'gaze_y_right': None, 'pupil_left': 5, 'pupil_right': 0, 'avg_gaze_x': -7.0, 'avg_gaze_y': -185.0, 'avg_pupil_size': 2.5}, {'event_type': 'MonocularEyeSampleEventNT', 'event_id': 2519, 'logged_time': 33.865024400031906, 'system_time': 33.876611899991985, 'gaze_x_left': -6.0, 'gaze_y_left': -183.0, 'gaze_x_right': None, 'gaze_y_right': None, 'pupil_left': 5, 'pupil_right': 0, 'avg_gaze_x': -6.0, 'avg_gaze_y': -183.0, 'avg_pupil_size': 2.5}, {'event_type': 'MonocularEyeSampleEventNT', 'event_id': 2521, 'logged_time': 33.88502440003191, 'system_time': 33.89296650001779, 'gaze_x_left': -5.0, 'gaze_y_left': -180.0, 'gaze_x_right': None, 'gaze_y_right': None, 'pupil_left': 5, 'pupil_right': 0, 'avg_gaze_x': -5.0, 'avg_gaze_y': -180.0, 'avg_pupil_size': 2.5}, {'event_type': 'MonocularEyeSampleEventNT', 'event_id': 2523, 'logged_time': 33.90502440003191, 'system_time': 33.90750220004702, 'gaze_x_left': -3.0, 'gaze_y_left': -177.0, 'gaze_x_right': None, 'gaze_y_right': None, 'pupil_left': 5, 'pupil_right': 0, 'avg_gaze_x': -3.0, 'avg_gaze_y': -177.0, 'avg_pupil_size': 2.5}, {'event_type': 'MonocularEyeSampleEventNT', 'event_id': 2527, 'logged_time': 33.925024400031916, 'system_time': 33.940222000004724, 'gaze_x_left': 0.0, 'gaze_y_left': -171.0, 'gaze_x_right': None, 'gaze_y_right': None, 'pupil_left': 5, 'pupil_right': 0, 'avg_gaze_x': 0.0, 'avg_gaze_y': -171.0, 'avg_pupil_size': 2.5}, {'event_type': 'MonocularEyeSampleEventNT', 'event_id': 2528, 'logged_time': 33.94502440003192, 'system_time': 33.956443700008094, 'gaze_x_left': 2.0, 'gaze_y_left': -168.0, 'gaze_x_right': None, 'gaze_y_right': None, 'pupil_left': 5, 'pupil_right': 0, 'avg_gaze_x': 2.0, 'avg_gaze_y': -168.0, 'avg_pupil_size': 2.5}, {'event_type': 'MonocularEyeSampleEventNT', 'event_id': 2530, 'logged_time': 33.96502440003192, 'system_time': 33.97165300004417, 'gaze_x_left': 3.0, 'gaze_y_left': -165.0, 'gaze_x_right': None, 'gaze_y_right': None, 'pupil_left': 5, 'pupil_right': 0, 'avg_gaze_x': 3.0, 'avg_gaze_y': -165.0, 'avg_pupil_size': 2.5}, {'event_type': 'MonocularEyeSampleEventNT', 'event_id': 2532, 'logged_time': 33.985024400031925, 'system_time': 33.988268800021615, 'gaze_x_left': 4.0, 'gaze_y_left': -162.0, 'gaze_x_right': None, 'gaze_y_right': None, 'pupil_left': 5, 'pupil_right': 0, 'avg_gaze_x': 4.0, 'avg_gaze_y': -162.0, 'avg_pupil_size': 2.5}, {'event_type': 'MonocularEyeSampleEventNT', 'event_id': 2536, 'logged_time': 34.00502440003193, 'system_time': 34.01977720001014, 'gaze_x_left': 8.0, 'gaze_y_left': -153.0, 'gaze_x_right': None, 'gaze_y_right': None, 'pupil_left': 5, 'pupil_right': 0, 'avg_gaze_x': 8.0, 'avg_gaze_y': -153.0, 'avg_pupil_size': 2.5}, {'event_type': 'MonocularEyeSampleEventNT', 'event_id': 2537, 'logged_time': 34.02502440003193, 'system_time': 34.03608210000675, 'gaze_x_left': 9.0, 'gaze_y_left': -149.0, 'gaze_x_right': None, 'gaze_y_right': None, 'pupil_left': 5, 'pupil_right': 0, 'avg_gaze_x': 9.0, 'avg_gaze_y': -149.0, 'avg_pupil_size': 2.5}, {'event_type': 'MonocularEyeSampleEventNT', 'event_id': 2539, 'logged_time': 34.045024400031934, 'system_time': 34.05220790003659, 'gaze_x_left': 9.0, 'gaze_y_left': -146.0, 'gaze_x_right': None, 'gaze_y_right': None, 'pupil_left': 5, 'pupil_right': 0, 'avg_gaze_x': 9.0, 'avg_gaze_y': -146.0, 'avg_pupil_size': 2.5}, {'event_type': 'MonocularEyeSampleEventNT', 'event_id': 2541, 'logged_time': 34.06502440003194, 'system_time': 34.067561400006525, 'gaze_x_left': 10.0, 'gaze_y_left': -144.0, 'gaze_x_right': None, 'gaze_y_right': None, 'pupil_left': 5, 'pupil_right': 0, 'avg_gaze_x': 10.0, 'avg_gaze_y': -144.0, 'avg_pupil_size': 2.5}, {'event_type': 'MonocularEyeSampleEventNT', 'event_id': 2545, 'logged_time': 34.08502440003194, 'system_time': 34.10116660001222, 'gaze_x_left': 10.0, 'gaze_y_left': -140.0, 'gaze_x_right': None, 'gaze_y_right': None, 'pupil_left': 5, 'pupil_right': 0, 'avg_gaze_x': 10.0, 'avg_gaze_y': -140.0, 'avg_pupil_size': 2.5}, {'event_type': 'MonocularEyeSampleEventNT', 'event_id': 2546, 'logged_time': 34.105024400031944, 'system_time': 34.114430400019046, 'gaze_x_left': 11.0, 'gaze_y_left': -138.0, 'gaze_x_right': None, 'gaze_y_right': None, 'pupil_left': 5, 'pupil_right': 0, 'avg_gaze_x': 11.0, 'avg_gaze_y': -138.0, 'avg_pupil_size': 2.5}, {'event_type': 'MonocularEyeSampleEventNT', 'event_id': 2549, 'logged_time': 34.12502440003195, 'system_time': 34.12992179999128, 'gaze_x_left': 11.0, 'gaze_y_left': -138.0, 'gaze_x_right': None, 'gaze_y_right': None, 'pupil_left': 5, 'pupil_right': 0, 'avg_gaze_x': 11.0, 'avg_gaze_y': -138.0, 'avg_pupil_size': 2.5}, {'event_type': 'MonocularEyeSampleEventNT', 'event_id': 2550, 'logged_time': 34.14502440003195, 'system_time': 34.14632520003943, 'gaze_x_left': 11.0, 'gaze_y_left': -138.0, 'gaze_x_right': None, 'gaze_y_right': None, 'pupil_left': 5, 'pupil_right': 0, 'avg_gaze_x': 11.0, 'avg_gaze_y': -138.0, 'avg_pupil_size': 2.5}];{'timeseries_bboxes': [{'channel_idx': 0, 'channel_name': '1', 'start_idx': 0, 'end_idx': 0, 'bbox': {'cx': -311.36842105263156, 'cy': 92.86308131353906, 'w': 7.26315789473685, 'h': 14.200000000000045}}, {'channel_idx': 0, 'channel_name': '1', 'start_idx': 1, 'end_idx': 1, 'bbox': {'cx': -304.10526315789474, 'cy': 116.5436511647975, 'w': 7.26315789473685, 'h': 14.200000000000017}}, {'channel_idx': 0, 'channel_name': '1', 'start_idx': 2, 'end_idx': 2, 'bbox': {'cx': -296.8421052631579, 'cy': 245.53434142683625, 'w': 7.26315789473685, 'h': 14.199999999999989}}, {'channel_idx': 0, 'channel_name': '1', 'start_idx': 3, 'end_idx': 3, 'bbox': {'cx': -289.57894736842104, 'cy': 359.86004784522856, 'w': 7.26315789473685, 'h': 14.200000000000003}}, {'channel_idx': 0, 'channel_name': '1', 'start_idx': 4, 'end_idx': 4, 'bbox': {'cx': -282.3157894736842, 'cy': 371.45, 'w': 7.26315789473685, 'h': 7.1000000000000005}}, {'channel_idx': 0, 'channel_name': '1', 'start_idx': 5, 'end_idx': 5, 'bbox': {'cx': -275.0526315789474, 'cy': 363.4938603812109, 'w': 7.26315789473685, 'h': 14.200000000000003}}, {'channel_idx': 0, 'channel_name': '1', 'start_idx': 6, 'end_idx': 6, 'bbox': {'cx': -267.7894736842105, 'cy': 347.5747171245922, 'w': 7.26315789473685, 'h': 14.200000000000003}}, {'channel_idx': 0, 'channel_name': '1', 'start_idx': 7, 'end_idx': 7, 'bbox': {'cx': -260.5263157894737, 'cy': 264.96845931964515, 'w': 7.26315789473685, 'h': 14.199999999999989}}, {'channel_idx': 0, 'channel_name': '1', 'start_idx': 8, 'end_idx': 8, 'bbox': {'cx': -253.26315789473682, 'cy': 140.6360212248178, 'w': 7.26315789473685, 'h': 14.199999999999989}}, {'channel_idx': 0, 'channel_name': '1', 'start_idx': 9, 'end_idx': 9, 'bbox': {'cx': -246.0, 'cy': 43.45211473399752, 'w': 7.263157894736835, 'h': 14.200000000000045}}, {'channel_idx': 0, 'channel_name': '1', 'start_idx': 10, 'end_idx': 10, 'bbox': {'cx': -238.73684210526315, 'cy': 3.829131390308021, 'w': 7.263157894736821, 'h': 14.200000000000045}}, {'channel_idx': 0, 'channel_name': '1', 'start_idx': 11, 'end_idx': 11, 'bbox': {'cx': -231.4736842105263, 'cy': 25.606897518090648, 'w': 7.263157894736821, 'h': 14.200000000000045}}, {'channel_idx': 0, 'channel_name': '1', 'start_idx': 12, 'end_idx': 12, 'bbox': {'cx': -224.21052631578948, 'cy': 34.397432787731816, 'w': 7.263157894736821, 'h': 14.200000000000045}}, {'channel_idx': 0, 'channel_name': '1', 'start_idx': 13, 'end_idx': 13, 'bbox': {'cx': -216.94736842105263, 'cy': -12.482617902937477, 'w': 7.263157894736821, 'h': 14.200000000000045}}, {'channel_idx': 0, 'channel_name': '1', 'start_idx': 14, 'end_idx': 14, 'bbox': {'cx': -209.68421052631578, 'cy': -33.05656001313025, 'w': 7.263157894736821, 'h': 14.200000000000045}}, {'channel_idx': 0, 'channel_name': '1', 'start_idx': 15, 'end_idx': 15, 'bbox': {'cx': -202.42105263157896, 'cy': -11.677577185592895, 'w': 7.263157894736821, 'h': 14.200000000000045}}, {'channel_idx': 0, 'channel_name': '1', 'start_idx': 16, 'end_idx': 16, 'bbox': {'cx': -195.15789473684208, 'cy': -7.397245168941993, 'w': 7.263157894736821, 'h': 14.200000000000045}}, {'channel_idx': 0, 'channel_name': '1', 'start_idx': 17, 'end_idx': 17, 'bbox': {'cx': -187.89473684210526, 'cy': -30.111337472176842, 'w': 7.263157894736821, 'h': 14.200000000000045}}, {'channel_idx': 0, 'channel_name': '1', 'start_idx': 18, 'end_idx': 18, 'bbox': {'cx': -180.6315789473684, 'cy': -79.37070749034626, 'w': 7.263157894736821, 'h': 14.200000000000045}}, {'channel_idx': 0, 'channel_name': '1', 'start_idx': 19, 'end_idx': 19, 'bbox': {'cx': -173.36842105263156, 'cy': -116.46407403114489, 'w': 7.263157894736821, 'h': 14.200000000000045}}, {'channel_idx': 0, 'channel_name': '1', 'start_idx': 20, 'end_idx': 20, 'bbox': {'cx': -166.10526315789474, 'cy': -109.29709184062148, 'w': 7.263157894736821, 'h': 14.200000000000045}}, {'channel_idx': 0, 'channel_name': '1', 'start_idx': 21, 'end_idx': 21, 'bbox': {'cx': -158.8421052631579, 'cy': -116.80121865995886, 'w': 7.263157894736821, 'h': 14.200000000000045}}, {'channel_idx': 0, 'channel_name': '1', 'start_idx': 22, 'end_idx': 22, 'bbox': {'cx': -151.57894736842104, 'cy': -144.0345281834508, 'w': 7.263157894736821, 'h': 14.200000000000045}}, {'channel_idx': 0, 'channel_name': '1', 'start_idx': 23, 'end_idx': 23, 'bbox': {'cx': -144.3157894736842, 'cy': -148.7320394658276, 'w': 7.263157894736821, 'h': 14.200000000000045}}, {'channel_idx': 0, 'channel_name': '1', 'start_idx': 24, 'end_idx': 24, 'bbox': {'cx': -137.05263157894737, 'cy': -169.82614810636812, 'w': 7.263157894736821, 'h': 14.200000000000045}}, {'channel_idx': 0, 'channel_name': '1', 'start_idx': 25, 'end_idx': 25, 'bbox': {'cx': -129.78947368421052, 'cy': -206.17407894187556, 'w': 7.263157894736821, 'h': 14.200000000000045}}, {'channel_idx': 0, 'channel_name': '1', 'start_idx': 26, 'end_idx': 26, 'bbox': {'cx': -122.52631578947367, 'cy': -201.2658708727057, 'w': 7.263157894736821, 'h': 14.200000000000045}}, {'channel_idx': 0, 'channel_name': '1', 'start_idx': 27, 'end_idx': 27, 'bbox': {'cx': -115.26315789473682, 'cy': -187.06607219195973, 'w': 7.263157894736878, 'h': 14.200000000000045}}, {'channel_idx': 0, 'channel_name': '1', 'start_idx': 28, 'end_idx': 28, 'bbox': {'cx': -108.0, 'cy': -214.69418142491168, 'w': 7.263157894736878, 'h': 14.200000000000045}}, {'channel_idx': 0, 'channel_name': '1', 'start_idx': 29, 'end_idx': 29, 'bbox': {'cx': -100.73684210526312, 'cy': -256.5064229049749, 'w': 7.263157894736878, 'h': 14.200000000000045}}, {'channel_idx': 0, 'channel_name': '1', 'start_idx': 30, 'end_idx': 30, 'bbox': {'cx': -93.4736842105263, 'cy': -269.2951447918674, 'w': 7.263157894736878, 'h': 14.200000000000045}}, {'channel_idx': 0, 'channel_name': '1', 'start_idx': 31, 'end_idx': 31, 'bbox': {'cx': -86.21052631578948, 'cy': -264.41793467808407, 'w': 7.263157894736878, 'h': 14.200000000000045}}, {'channel_idx': 0, 'channel_name': '1', 'start_idx': 32, 'end_idx': 32, 'bbox': {'cx': -78.9473684210526, 'cy': -284.066638056771, 'w': 7.263157894736878, 'h': 14.200000000000045}}, {'channel_idx': 0, 'channel_name': '1', 'start_idx': 33, 'end_idx': 33, 'bbox': {'cx': -71.68421052631578, 'cy': -323.92930164766426, 'w': 7.263157894736878, 'h': 14.200000000000045}}, {'channel_idx': 0, 'channel_name': '1', 'start_idx': 34, 'end_idx': 34, 'bbox': {'cx': -64.42105263157896, 'cy': -331.45000000000005, 'w': 7.263157894736878, 'h': 7.100000000000023}}, {'channel_idx': 0, 'channel_name': '1', 'start_idx': 35, 'end_idx': 35, 'bbox': {'cx': -57.15789473684208, 'cy': -312.9533647519813, 'w': 7.263157894736878, 'h': 14.200000000000045}}, {'channel_idx': 0, 'channel_name': '1', 'start_idx': 36, 'end_idx': 36, 'bbox': {'cx': -49.89473684210526, 'cy': -302.0744406650533, 'w': 7.263157894736878, 'h': 14.200000000000045}}, {'channel_idx': 0, 'channel_name': '1', 'start_idx': 37, 'end_idx': 37, 'bbox': {'cx': -42.63157894736838, 'cy': -308.7754692559671, 'w': 7.263157894736878, 'h': 14.200000000000045}}, {'channel_idx': 0, 'channel_name': '1', 'start_idx': 38, 'end_idx': 38, 'bbox': {'cx': -35.36842105263156, 'cy': -295.7660590444409, 'w': 7.263157894736878, 'h': 14.200000000000045}}, {'channel_idx': 0, 'channel_name': '1', 'start_idx': 39, 'end_idx': 39, 'bbox': {'cx': -28.10526315789474, 'cy': -260.90323913512964, 'w': 7.263157894736878, 'h': 14.200000000000045}}, {'channel_idx': 0, 'channel_name': '1', 'start_idx': 40, 'end_idx': 40, 'bbox': {'cx': -20.842105263157862, 'cy': -233.24476455812555, 'w': 7.263157894736878, 'h': 14.200000000000045}}, {'channel_idx': 0, 'channel_name': '1', 'start_idx': 41, 'end_idx': 41, 'bbox': {'cx': -13.57894736842104, 'cy': -211.65093017582535, 'w': 7.263157894736878, 'h': 14.200000000000045}}, {'channel_idx': 0, 'channel_name': '1', 'start_idx': 42, 'end_idx': 42, 'bbox': {'cx': -6.3157894736842195, 'cy': -181.77719955541102, 'w': 7.263157894736878, 'h': 14.200000000000045}}, {'channel_idx': 0, 'channel_name': '1', 'start_idx': 43, 'end_idx': 43, 'bbox': {'cx': 0.9473684210526585, 'cy': -142.9795185397968, 'w': 7.263157894736878, 'h': 14.200000000000045}}, {'channel_idx': 0, 'channel_name': '1', 'start_idx': 44, 'end_idx': 44, 'bbox': {'cx': 8.21052631578948, 'cy': -95.40188249304737, 'w': 7.263157894736878, 'h': 14.200000000000045}}, {'channel_idx': 0, 'channel_name': '1', 'start_idx': 45, 'end_idx': 45, 'bbox': {'cx': 15.473684210526358, 'cy': -47.51947849345527, 'w': 7.263157894736878, 'h': 14.200000000000045}}, {'channel_idx': 0, 'channel_name': '1', 'start_idx': 46, 'end_idx': 46, 'bbox': {'cx': 22.73684210526318, 'cy': -9.985207901268438, 'w': 7.263157894736878, 'h': 14.200000000000045}}, {'channel_idx': 0, 'channel_name': '1', 'start_idx': 47, 'end_idx': 47, 'bbox': {'cx': 30.0, 'cy': 23.0598703209659, 'w': 7.263157894736878, 'h': 14.200000000000045}}, {'channel_idx': 0, 'channel_name': '1', 'start_idx': 48, 'end_idx': 48, 'bbox': {'cx': 37.26315789473688, 'cy': 54.135173978992384, 'w': 7.263157894736878, 'h': 14.200000000000045}}, {'channel_idx': 0, 'channel_name': '1', 'start_idx': 49, 'end_idx': 49, 'bbox': {'cx': 44.5263157894737, 'cy': 74.06331071507589, 'w': 7.263157894736878, 'h': 14.200000000000045}}, {'channel_idx': 0, 'channel_name': '1', 'start_idx': 50, 'end_idx': 50, 'bbox': {'cx': 51.78947368421052, 'cy': 89.62700826910014, 'w': 7.263157894736878, 'h': 14.200000000000045}}, {'channel_idx': 0, 'channel_name': '1', 'start_idx': 51, 'end_idx': 51, 'bbox': {'cx': 59.0526315789474, 'cy': 111.56070564833084, 'w': 7.263157894736878, 'h': 14.200000000000045}}, {'channel_idx': 0, 'channel_name': '1', 'start_idx': 52, 'end_idx': 52, 'bbox': {'cx': 66.31578947368422, 'cy': 127.35714277290947, 'w': 7.263157894736878, 'h': 14.199999999999989}}, {'channel_idx': 0, 'channel_name': '1', 'start_idx': 53, 'end_idx': 53, 'bbox': {'cx': 73.5789473684211, 'cy': 134.98171506907715, 'w': 7.263157894736878, 'h': 14.199999999999989}}, {'channel_idx': 0, 'channel_name': '1', 'start_idx': 54, 'end_idx': 54, 'bbox': {'cx': 80.84210526315792, 'cy': 153.62778902259998, 'w': 7.263157894736878, 'h': 14.199999999999989}}, {'channel_idx': 0, 'channel_name': '1', 'start_idx': 55, 'end_idx': 55, 'bbox': {'cx': 88.10526315789474, 'cy': 173.3288688985337, 'w': 7.263157894736878, 'h': 14.199999999999989}}, {'channel_idx': 0, 'channel_name': '1', 'start_idx': 56, 'end_idx': 56, 'bbox': {'cx': 95.36842105263162, 'cy': 177.83511386519206, 'w': 7.263157894736878, 'h': 14.199999999999989}}, {'channel_idx': 0, 'channel_name': '1', 'start_idx': 57, 'end_idx': 57, 'bbox': {'cx': 102.63157894736844, 'cy': 183.91476927598046, 'w': 7.263157894736878, 'h': 14.199999999999989}}, {'channel_idx': 0, 'channel_name': '1', 'start_idx': 58, 'end_idx': 58, 'bbox': {'cx': 109.89473684210526, 'cy': 191.19062759840062, 'w': 7.263157894736878, 'h': 14.199999999999989}}, {'channel_idx': 0, 'channel_name': '1', 'start_idx': 59, 'end_idx': 59, 'bbox': {'cx': 117.15789473684214, 'cy': 184.95088988943735, 'w': 7.263157894736878, 'h': 14.199999999999989}}, {'channel_idx': 0, 'channel_name': '1', 'start_idx': 60, 'end_idx': 60, 'bbox': {'cx': 124.42105263157896, 'cy': 182.26602598565046, 'w': 7.263157894736878, 'h': 14.199999999999989}}, {'channel_idx': 0, 'channel_name': '1', 'start_idx': 61, 'end_idx': 61, 'bbox': {'cx': 131.68421052631584, 'cy': 197.7420119781575, 'w': 7.263157894736878, 'h': 14.199999999999989}}, {'channel_idx': 0, 'channel_name': '1', 'start_idx': 62, 'end_idx': 62, 'bbox': {'cx': 138.94736842105272, 'cy': 211.15868620305343, 'w': 7.263157894736878, 'h': 14.199999999999989}}, {'channel_idx': 0, 'channel_name': '1', 'start_idx': 63, 'end_idx': 63, 'bbox': {'cx': 146.21052631578948, 'cy': 206.8433056578541, 'w': 7.263157894736878, 'h': 14.199999999999989}}, {'channel_idx': 0, 'channel_name': '1', 'start_idx': 64, 'end_idx': 64, 'bbox': {'cx': 153.47368421052636, 'cy': 197.65054382168682, 'w': 7.263157894736878, 'h': 14.199999999999989}}, {'channel_idx': 0, 'channel_name': '1', 'start_idx': 65, 'end_idx': 65, 'bbox': {'cx': 160.73684210526312, 'cy': 195.0673703292863, 'w': 7.263157894736878, 'h': 14.199999999999989}}, {'channel_idx': 0, 'channel_name': '1', 'start_idx': 66, 'end_idx': 66, 'bbox': {'cx': 168.0, 'cy': 197.17232686529735, 'w': 7.263157894736878, 'h': 14.199999999999989}}, {'channel_idx': 0, 'channel_name': '1', 'start_idx': 67, 'end_idx': 67, 'bbox': {'cx': 175.26315789473688, 'cy': 193.1020794909423, 'w': 7.263157894736878, 'h': 14.199999999999989}}, {'channel_idx': 0, 'channel_name': '1', 'start_idx': 68, 'end_idx': 68, 'bbox': {'cx': 182.52631578947376, 'cy': 177.9381420634886, 'w': 7.263157894736878, 'h': 14.199999999999989}}, {'channel_idx': 0, 'channel_name': '1', 'start_idx': 69, 'end_idx': 69, 'bbox': {'cx': 189.78947368421063, 'cy': 184.54722990005234, 'w': 7.263157894736878, 'h': 14.199999999999989}}, {'channel_idx': 0, 'channel_name': '1', 'start_idx': 70, 'end_idx': 70, 'bbox': {'cx': 197.0526315789474, 'cy': 208.4007184777097, 'w': 7.263157894736878, 'h': 14.199999999999989}}, {'channel_idx': 0, 'channel_name': '1', 'start_idx': 71, 'end_idx': 71, 'bbox': {'cx': 204.31578947368428, 'cy': 179.28351286715463, 'w': 7.263157894736878, 'h': 14.199999999999989}}, {'channel_idx': 0, 'channel_name': '1', 'start_idx': 72, 'end_idx': 72, 'bbox': {'cx': 211.57894736842104, 'cy': 132.97009289297324, 'w': 7.263157894736878, 'h': 14.199999999999989}}, {'channel_idx': 0, 'channel_name': '1', 'start_idx': 73, 'end_idx': 73, 'bbox': {'cx': 218.84210526315792, 'cy': 159.27731338090115, 'w': 7.263157894736878, 'h': 14.199999999999989}}, {'channel_idx': 0, 'channel_name': '1', 'start_idx': 74, 'end_idx': 74, 'bbox': {'cx': 226.1052631578948, 'cy': 201.1396055812462, 'w': 7.263157894736878, 'h': 14.199999999999989}}, {'channel_idx': 0, 'channel_name': '1', 'start_idx': 75, 'end_idx': 75, 'bbox': {'cx': 233.36842105263156, 'cy': 196.46903423860783, 'w': 7.263157894736878, 'h': 14.199999999999989}}, {'channel_idx': 0, 'channel_name': '1', 'start_idx': 76, 'end_idx': 76, 'bbox': {'cx': 240.63157894736844, 'cy': 189.54507899530938, 'w': 7.263157894736878, 'h': 14.199999999999989}}, {'channel_idx': 0, 'channel_name': '1', 'start_idx': 77, 'end_idx': 77, 'bbox': {'cx': 247.89473684210532, 'cy': 188.1722584415943, 'w': 7.263157894736878, 'h': 14.199999999999989}}, {'channel_idx': 0, 'channel_name': '1', 'start_idx': 78, 'end_idx': 78, 'bbox': {'cx': 255.15789473684208, 'cy': 169.25402578889629, 'w': 7.263157894736878, 'h': 14.199999999999989}}, {'channel_idx': 0, 'channel_name': '1', 'start_idx': 79, 'end_idx': 79, 'bbox': {'cx': 262.42105263157896, 'cy': 145.5636690681701, 'w': 7.263157894736878, 'h': 14.199999999999989}}, {'channel_idx': 0, 'channel_name': '1', 'start_idx': 80, 'end_idx': 80, 'bbox': {'cx': 269.68421052631584, 'cy': 136.42767665678065, 'w': 7.263157894736878, 'h': 14.199999999999989}}, {'channel_idx': 0, 'channel_name': '1', 'start_idx': 81, 'end_idx': 81, 'bbox': {'cx': 276.9473684210527, 'cy': 154.58862144477473, 'w': 7.263157894736878, 'h': 14.199999999999989}}, {'channel_idx': 0, 'channel_name': '1', 'start_idx': 82, 'end_idx': 82, 'bbox': {'cx': 284.2105263157895, 'cy': 177.563316126602, 'w': 7.263157894736878, 'h': 14.199999999999989}}, {'channel_idx': 0, 'channel_name': '1', 'start_idx': 83, 'end_idx': 83, 'bbox': {'cx': 291.47368421052636, 'cy': 182.0269007618616, 'w': 7.263157894736878, 'h': 14.199999999999989}}, {'channel_idx': 0, 'channel_name': '1', 'start_idx': 84, 'end_idx': 84, 'bbox': {'cx': 298.73684210526324, 'cy': 191.17811119708688, 'w': 7.263157894736878, 'h': 14.199999999999989}}, {'channel_idx': 0, 'channel_name': '1', 'start_idx': 85, 'end_idx': 85, 'bbox': {'cx': 306.0, 'cy': 189.80703962764926, 'w': 7.263157894736878, 'h': 14.199999999999989}}, {'channel_idx': 0, 'channel_name': '1', 'start_idx': 86, 'end_idx': 86, 'bbox': {'cx': 313.2631578947369, 'cy': 161.2264819333252, 'w': 7.263157894736878, 'h': 14.199999999999989}}, {'channel_idx': 0, 'channel_name': '1', 'start_idx': 87, 'end_idx': 87, 'bbox': {'cx': 320.52631578947376, 'cy': 150.48676583115758, 'w': 7.263157894736878, 'h': 14.199999999999989}}, {'channel_idx': 0, 'channel_name': '1', 'start_idx': 88, 'end_idx': 88, 'bbox': {'cx': 327.7894736842105, 'cy': 153.07037656962757, 'w': 7.263157894736878, 'h': 14.199999999999989}}, {'channel_idx': 0, 'channel_name': '1', 'start_idx': 89, 'end_idx': 89, 'bbox': {'cx': 335.0526315789474, 'cy': 159.9949179087211, 'w': 7.263157894736878, 'h': 14.199999999999989}}, {'channel_idx': 0, 'channel_name': '1', 'start_idx': 90, 'end_idx': 90, 'bbox': {'cx': 342.3157894736843, 'cy': 192.19584886941425, 'w': 7.263157894736878, 'h': 14.199999999999989}}, {'channel_idx': 0, 'channel_name': '1', 'start_idx': 91, 'end_idx': 91, 'bbox': {'cx': 349.57894736842104, 'cy': 198.75967708624364, 'w': 7.263157894736878, 'h': 14.199999999999989}}, {'channel_idx': 0, 'channel_name': '1', 'start_idx': 92, 'end_idx': 92, 'bbox': {'cx': 356.8421052631579, 'cy': 186.94523619424695, 'w': 7.263157894736878, 'h': 14.199999999999989}}, {'channel_idx': 0, 'channel_name': '1', 'start_idx': 93, 'end_idx': 93, 'bbox': {'cx': 364.1052631578948, 'cy': 199.81960249209033, 'w': 7.263157894736878, 'h': 14.199999999999989}}, {'channel_idx': 0, 'channel_name': '1', 'start_idx': 94, 'end_idx': 94, 'bbox': {'cx': 371.36842105263156, 'cy': 147.96500959622125, 'w': 7.263157894736878, 'h': 14.199999999999989}}]};;
